-- phpMyAdmin SQL Dump
-- version 5.2.1
-- https://www.phpmyadmin.net/
--
-- Host: 127.0.0.1
-- Generation Time: Jan 02, 2025 at 06:08 PM
-- Server version: 10.4.32-MariaDB
-- PHP Version: 8.2.12

SET SQL_MODE = "NO_AUTO_VALUE_ON_ZERO";
START TRANSACTION;
SET time_zone = "+00:00";


/*!40101 SET @OLD_CHARACTER_SET_CLIENT=@@CHARACTER_SET_CLIENT */;
/*!40101 SET @OLD_CHARACTER_SET_RESULTS=@@CHARACTER_SET_RESULTS */;
/*!40101 SET @OLD_COLLATION_CONNECTION=@@COLLATION_CONNECTION */;
/*!40101 SET NAMES utf8mb4 */;

--
-- Database: `unicoredb`
--

-- --------------------------------------------------------

--
-- Table structure for table `tbdepartments`
--

CREATE TABLE `tbdepartments` (
  `dept_id` int(12) NOT NULL,
  `dept_name` varchar(255) NOT NULL
) ENGINE=InnoDB DEFAULT CHARSET=utf8mb4 COLLATE=utf8mb4_general_ci;

--
-- Dumping data for table `tbdepartments`
--

INSERT INTO `tbdepartments` (`dept_id`, `dept_name`) VALUES
(1, 'Building Maintenance Office (BMO)'),
(2, 'Computer Maintenance Office (CMO)'),
(3, 'College of Computer Studies (CCS)'),
(4, 'College of Engineering (CE)'),
(5, 'College of Business Education (CBE)'),
(6, 'College of Customs Administration (CCA)'),
(7, 'College of Criminology (CC)'),
(8, 'Library'),
(9, 'Guidance Services'),
(10, 'Registrar'),
(11, 'Administrative Affairs');

-- --------------------------------------------------------

--
-- Table structure for table `tbitems`
--

CREATE TABLE `tbitems` (
  `item_id` int(12) NOT NULL,
  `item_category` varchar(255) NOT NULL,
  `item_control` varchar(255) DEFAULT NULL,
  `item_quantity` int(12) NOT NULL,
  `item_measure` varchar(255) NOT NULL,
  `item_name` varchar(255) NOT NULL,
  `item_desc` mediumtext NOT NULL,
  `item_buy_date` varchar(255) NOT NULL,
  `item_buy_cost` int(12) NOT NULL,
  `item_total` int(12) NOT NULL,
  `item_remarks` varchar(255) NOT NULL,
  `item_status` varchar(255) NOT NULL,
  `dept_id` int(12) NOT NULL,
  `item_reserved` int(12) NOT NULL,
  `item_serviced` int(12) NOT NULL
) ENGINE=InnoDB DEFAULT CHARSET=utf8mb4 COLLATE=utf8mb4_general_ci;

--
-- Dumping data for table `tbitems`
--

INSERT INTO `tbitems` (`item_id`, `item_category`, `item_control`, `item_quantity`, `item_measure`, `item_name`, `item_desc`, `item_buy_date`, `item_buy_cost`, `item_total`, `item_remarks`, `item_status`, `dept_id`, `item_reserved`, `item_serviced`) VALUES
(1, 'Laboratory Equipments', 'CISCO-023', 6, 'Units', 'Attachment Unit Intercourse - AUI Transceivers', 'with SN:\r\n-AAA-02614\r\n-AAA-02615\r\n-AAA-02616\r\n-AAA-02617\r\n2 units w/o S.N.', '2001-06-19', 3500, 21000, 'Complete', 'Available', 2, 0, 0),
(2, 'Laboratory Equipments', 'CISCO-025', 3, 'Units', 'Cable Tester', 'w/ S.N.\r\n-620679\r\n-653785\r\n-509825803 (replaced)', '2001-06-19', 7000, 21000, 'Complete', 'Available', 2, 0, 0),
(3, 'Appliances, Electrical, Safety', '', 2, 'Units', 'Flashlights', 'Standard', '2005-06-19', 150, 300, 'Damaged', 'Available', 2, 0, 0),
(9, 'Computer System and Peripherals', '', 2, 'Units', 'LED Projector', 'w/ power cable and hdmi cable for each unit', '2024-11-04', 10000, 20000, 'OK', 'Available', 2, 1, 0),
(10, 'Appliances, Electrical, Safety', '', 1, 'pc', 'NSS 3-Socket Extension Outlet', 'NS-8164 10A 250V', '2024-08-01', 200, 200, 'Ok', 'Available', 2, 0, 0),
(11, 'Furnitures and Fixtures', '', 30, 'Pcs', 'Tables', 'Multi-Purpose', '2005-06-25', 1200, 36000, 'Ok', 'Available', 1, 0, 0),
(12, 'Furnitures and Fixtures', '', 30, 'Pcs', 'Ergonomic Chairs', 'Clerical chair w/o arm, w/ gas lift', '2005-07-25', 1000, 30000, 'Damaged: 1', 'Available', 1, 0, 0),
(13, 'Appliances/Electrical/Safety', '', 10, 'Pcs', 'Extension Cables', '4 Outlets', '2007-09-13', 300, 3000, 'Ok', 'Available', 1, 0, 0),
(14, 'Laboratory Equipments', '', 1, 'Pc', 'Digital Multimeter', 'working', '2020-11-18', 300, 300, 'ok', 'Available', 2, 0, 0);

-- --------------------------------------------------------

--
-- Table structure for table `tbjobrequests`
--

CREATE TABLE `tbjobrequests` (
  `job_id` int(12) NOT NULL,
  `job_rq_id` int(12) NOT NULL,
  `job_dept_id` int(12) NOT NULL,
  `job_create_date` varchar(255) NOT NULL,
  `job_items` longtext CHARACTER SET utf8mb4 COLLATE utf8mb4_bin NOT NULL CHECK (json_valid(`job_items`)),
  `job_purpose` varchar(255) NOT NULL,
  `job_create_user_id` int(12) NOT NULL,
  `job_letter` mediumtext DEFAULT NULL,
  `job_bmo_approval` varchar(255) NOT NULL,
  `job_bmo_user_id` int(11) DEFAULT NULL,
  `job_bmo_notes` varchar(255) DEFAULT NULL,
  `job_custodian_approval` varchar(255) NOT NULL,
  `job_custodian_user_id` int(12) DEFAULT NULL,
  `job_custodian_notes` varchar(255) DEFAULT NULL,
  `job_cads_approval` varchar(255) NOT NULL,
  `job_cads_user_id` int(12) DEFAULT NULL,
  `job_cads_notes` varchar(255) DEFAULT NULL,
  `job_recommendation` mediumtext DEFAULT NULL,
  `job_estimated_cost` int(12) DEFAULT NULL,
  `job_recommend_user_id` int(12) DEFAULT NULL,
  `job_status` varchar(255) DEFAULT NULL,
  `job_remarks` varchar(255) DEFAULT NULL,
  `job_complete_date` varchar(255) DEFAULT NULL
) ENGINE=InnoDB DEFAULT CHARSET=utf8mb4 COLLATE=utf8mb4_general_ci;

--
-- Dumping data for table `tbjobrequests`
--

INSERT INTO `tbjobrequests` (`job_id`, `job_rq_id`, `job_dept_id`, `job_create_date`, `job_items`, `job_purpose`, `job_create_user_id`, `job_letter`, `job_bmo_approval`, `job_bmo_user_id`, `job_bmo_notes`, `job_custodian_approval`, `job_custodian_user_id`, `job_custodian_notes`, `job_cads_approval`, `job_cads_user_id`, `job_cads_notes`, `job_recommendation`, `job_estimated_cost`, `job_recommend_user_id`, `job_status`, `job_remarks`, `job_complete_date`) VALUES
(1, 1, 2, '2024-11-25', '[{\"quantity\":1,\"name_desc\":\"item1\"},{\"quantity\":2,\"name_desc\":\"item2\"},{\"quantity\":3,\"name_desc\":\"item3\"}]', 'testing', 6, 'Dear 123\n\nI am writing to formally request the following job items for our department:\n\n123\n\nThe purpose of this request is 123\n\nThank you for considering this request. I look forward to your prompt response.\n\nSincerely,\n[Your Name]\n[Your Position]\n[Your Department]\n[Date]', 'Approved', 2, 'Forwarding', 'Approved', 9, 'ok', 'Approved', 10, 'ok', 'test', 10, 2, 'Completed', 'ok', '2024-11-28'),
(2, 2, 2, '2024-11-25', '[{\"quantity\":7,\"name_desc\":\"item7\"},{\"quantity\":8,\"name_desc\":\"item8\"}]', 'test', 6, 'Dear 78\nI am writing to formally request the following job items for our department:\n\n1. [Item Description 1] - Quantity: [Quantity 1]\n2. [Item Description 2] - Quantity: [Quantity 2]\n3. [Item Description 3] - Quantity: [Quantity 3]\n\nThe purpose of this request is [briefly explain the purpose of the request]. \n\nThank you for considering this request. I look forward to your prompt response.\n\nSincerely,\n[Your Name]\n[Your Position]\n[Your Department]\n[Date]', 'Approved', 2, 'testing', 'Approved', 9, 'yes', 'Pending', NULL, NULL, NULL, NULL, NULL, 'Pending', NULL, NULL),
(3, 3, 3, '2024-11-26', '[{\"quantity\":1,\"name_desc\":\"qwe\"},{\"quantity\":2,\"name_desc\":\"asd\"},{\"quantity\":2,\"name_desc\":\"zxc\"}]', 'asd', 5, 'Dear asd\n\nI am writing to formally request the following job items for our department:\n\n1. [Item Description 1] - Quantity: [Quantity 1]\n2. [Item Description 2] - Quantity: [Quantity 2]\n3. [Item Description 3] - Quantity: [Quantity 3]\n\nThe purpose of this request is [briefly explain the purpose of the request]. \n\nThank you for considering this request. I look forward to your prompt response.\n\nSincerely,\n[Your Name]\n[Your Position]\n[Your Department]\n[Date]', 'Approved', 2, 'aprv', 'Pending', NULL, NULL, 'Pending', NULL, NULL, NULL, NULL, NULL, 'Pending', NULL, NULL),
(4, 4, 3, '2024-11-27', '[{\"quantity\":1,\"name_desc\":\"item1\"},{\"quantity\":2,\"name_desc\":\"item2\"},{\"quantity\":3,\"name_desc\":\"item3\"}]', 'test', 5, 'Dear [Recipient\'s Name],\n\nI am writing to formally request the following job items for our department:\n\n1. [Item Description 1] - Quantity: [Quantity 1]\n2. [Item Description 2] - Quantity: [Quantity 2]\n3. [Item Description 3] - Quantity: [Quantity 3]\n\nThe purpose of this request is [briefly explain the purpose of the request]. \n\nThank you for considering this request. I look forward to your prompt response.\n\nSincerely,\n[Your Name]\n[Your Position]\n[Your Department]\n[Date]', 'Approved', 2, 'test aprob', 'Approved', 9, 'ok', 'Approved', 10, 'approve', 'test', 10000, 2, 'Completed', 'ok', '2024-12-9'),
(5, 5, 2, '2024-12-09', '[{\"quantity\":1,\"name_desc\":\"item 1\"},{\"quantity\":2,\"name_desc\":\"item 2\"},{\"quantity\":3,\"name_desc\":\"item 3\"}]', 'testing', 6, 'Dear [Recipient\'s Name],\n\nI am writing to formally request the following job items for our department:\n\n1. [Item Description 1] - Quantity: [Quantity 1]\n2. [Item Description 2] - Quantity: [Quantity 2]\n3. [Item Description 3] - Quantity: [Quantity 3]\n\nThe purpose of this request is [briefly explain the purpose of the request]. \n\nThank you for considering this request. I look forward to your prompt response.\n\nSincerely,\n[Your Name]\n[Your Position]\n[Your Department]\n[Date]', 'Pending', NULL, NULL, 'Pending', NULL, NULL, 'Pending', NULL, NULL, NULL, NULL, NULL, 'Pending', NULL, NULL),
(6, 6, 2, '2024-12-09', '[{\"quantity\":1,\"name_desc\":\"test\"},{\"quantity\":2,\"name_desc\":\"test 2\"}]', 'submit', 6, 'Dear [Recipient\'s Name],\n\nI am writing to formally request the following job items for our department:\n\n1. [Item Description 1] - Quantity: [Quantity 1]\n2. [Item Description 2] - Quantity: [Quantity 2]\n3. [Item Description 3] - Quantity: [Quantity 3]\n\nThe purpose of this request is [briefly explain the purpose of the request]. \n\nThank you for considering this request. I look forward to your prompt response.\n\nSincerely,\n[Your Name]\n[Your Position]\n[Your Department]\n[Date]', 'Pending', NULL, NULL, 'Pending', NULL, NULL, 'Pending', NULL, NULL, NULL, NULL, NULL, 'Pending', NULL, NULL),
(7, 7, 3, '2024-12-20', '[{\"quantity\":3,\"name_desc\":\"item1\"},{\"quantity\":3,\"name_desc\":\"item2\"},{\"quantity\":3,\"name_desc\":\"item3\"}]', 'repair', 7, 'Dear [Recipient\'s Name],\n\nI am writing to formally request the following job items for our department:\n\n1. [Item Description 1] - Quantity: [Quantity 1]\n2. [Item Description 2] - Quantity: [Quantity 2]\n3. [Item Description 3] - Quantity: [Quantity 3]\n\nThe purpose of this request is [briefly explain the purpose of the request]. \n\nThank you for considering this request. I look forward to your prompt response.\n\nSincerely,\n[Your Name]\n[Your Position]\n[Your Department]\n[Date]', 'Approved', 2, 'APRV', 'Approved', 9, 'aprv', 'Approved', 10, 'aprv', NULL, NULL, NULL, 'Pending', NULL, NULL);

--
-- Triggers `tbjobrequests`
--
DELIMITER $$
CREATE TRIGGER `before_insert_tbjobrequests` BEFORE INSERT ON `tbjobrequests` FOR EACH ROW BEGIN
    -- Directly assign the next job_rq_id value to NEW.job_rq_id
    SET NEW.job_rq_id = (SELECT IFNULL(MAX(job_rq_id), 0) + 1 FROM tbjobrequests);
END
$$
DELIMITER ;

-- --------------------------------------------------------

--
-- Table structure for table `tbnotifs`
--

CREATE TABLE `tbnotifs` (
  `notif_id` int(12) NOT NULL,
  `notif_user_id` int(12) NOT NULL,
  `notif_type` varchar(255) NOT NULL,
  `notif_content` varchar(255) NOT NULL,
  `notif_date` varchar(255) NOT NULL,
  `notif_read` tinyint(1) NOT NULL,
  `notif_related_id` int(12) DEFAULT NULL
) ENGINE=InnoDB DEFAULT CHARSET=utf8mb4 COLLATE=utf8mb4_general_ci;

--
-- Dumping data for table `tbnotifs`
--

INSERT INTO `tbnotifs` (`notif_id`, `notif_user_id`, `notif_type`, `notif_content`, `notif_date`, `notif_read`, `notif_related_id`) VALUES
(1, 6, 'jobrequest_update', 'Your BMO job request approval has recevied an update.', '01/02/2025, 11:07:53 PM', 0, 2);

-- --------------------------------------------------------

--
-- Table structure for table `tbrequests`
--

CREATE TABLE `tbrequests` (
  `rq_id` int(12) NOT NULL,
  `rq_type` varchar(255) NOT NULL,
  `dept_id` int(12) NOT NULL,
  `item_id` int(12) DEFAULT NULL,
  `room_id` int(12) DEFAULT NULL,
  `rq_quantity` int(12) DEFAULT NULL,
  `rq_service_type` varchar(255) DEFAULT NULL,
  `rq_prio_level` varchar(255) NOT NULL,
  `rq_start_date` varchar(255) NOT NULL,
  `rq_end_date` varchar(255) NOT NULL,
  `rq_start_time` varchar(255) NOT NULL,
  `rq_end_time` varchar(255) NOT NULL,
  `rq_notes` varchar(255) NOT NULL,
  `rq_create_date` varchar(255) NOT NULL,
  `rq_complete_date` varchar(255) DEFAULT NULL,
  `rq_create_user_id` int(12) NOT NULL,
  `rq_accept_user_id` int(11) DEFAULT NULL,
  `rq_accept_notes` varchar(255) DEFAULT NULL,
  `rq_service_user_id` int(12) DEFAULT NULL,
  `rq_service_notes` varchar(255) DEFAULT NULL,
  `rq_service_proof` longtext DEFAULT NULL,
  `rq_service_status` varchar(255) DEFAULT NULL,
  `rq_status` varchar(255) NOT NULL
) ENGINE=InnoDB DEFAULT CHARSET=utf8mb4 COLLATE=utf8mb4_general_ci;

--
-- Dumping data for table `tbrequests`
--

INSERT INTO `tbrequests` (`rq_id`, `rq_type`, `dept_id`, `item_id`, `room_id`, `rq_quantity`, `rq_service_type`, `rq_prio_level`, `rq_start_date`, `rq_end_date`, `rq_start_time`, `rq_end_time`, `rq_notes`, `rq_create_date`, `rq_complete_date`, `rq_create_user_id`, `rq_accept_user_id`, `rq_accept_notes`, `rq_service_user_id`, `rq_service_notes`, `rq_service_proof`, `rq_service_status`, `rq_status`) VALUES
(1, 'Service for Facility', 1, NULL, 8, NULL, 'Repair', 'Moderate', '2025-01-01', '2025-01-01', '18:20', '18:20', 'repair light bulb', '2025-01-01', '', 6, 2, 'repair light bulb', 13, 'repairing', 'data:image/png;base64,iVBORw0KGgoAAAANSUhEUgAABRAAAALZCAYAAADP3A12AAAAAXNSR0IArs4c6QAAAARnQU1BAACxjwv8YQUAAAAJcEhZcwAAEnQAABJ0Ad5mH3gAAC/BSURBVHhe7d0vcFNp2/jxqzjUqt86FE2fGaZuUanDNZgqxBpmTZB0hsFV1jHMFNmYHcyKqpqmDkcU65jObFMUbl+1ah39nZOmpbC9SnPyp/nz+byTZxOWB3q3Oed5zzf3ue+l3b/+Pg0AAAAAgCvc6f8TAAAAAOA/BEQAAAAAICUgAgAAAAApAREAAAAASAmIAAAAAEBKQAQAAAAAUgIiAAAAAJASEAEAAACAlIAIAAAAAKQERAAAAAAgJSACAAAAACkBEQAAAABICYgAAAAAQEpABAAAAABSAiIAAAAAkBIQAQAAAICUgAgAAAAApAREAAAAACAlIAIAAAAAKQERAAAAAEgJiAAAAABASkAEAAAAAFICIgAAAACQEhABAAAAgJSACAAAAACkBEQAAAAAICUgAgAAAAApAREAAAAASAmIAAAAAEBKQAQAAAAAUgIiAAAAAJASEAEAAACAlIAIAAAAAKQERAAAAAAgJSACAAAAACkBEQAAAABICYgAAAAAQEpABAAAAABSAiIAAAAAkBIQAQAAAICUgAgAAAAApAREAAAAACAlIAIAAAAAKQERAAAAAEgJiAAAAABASkAEAAAAAFICIgAAAACQEhABAAAAgJSACAAAAACkBEQAAAAAICUgAgAAAAApAREAAAAASAmIAAAAAEBKQAQAAAAAUgIiAAAAAJASEAEAAACAlIAIAAAAAKQERAAAAAAgJSACAAAAACkBEQAAAABICYgAAAAAQEpABAAAAABSAiIAAAAAkBIQAQAAAICUgAgAAAAApAREAAAAACAlIAIAAAAAKQERAAAAAEgJiAAAAABASkAEAAAAAFICIgAAAACQEhABAAAAgJSACAAAAACkBEQAAAAAICUgAgAAAAApAREAAAAASAmIAAAAAEBKQAQAAAAAUgIiAAAAAJASEAEAAACAlIAIAAAAAKQERAAAAAAgJSACAAAAACkBEQAAAABICYgAAAAAQEpABAAAAABSAiIAAAAAkBIQAQAAAICUgAgAAAAApAREAAAAACAlIAIAAAAAKQERAAAAAEgJiAAAAABASkAEAAAAAFICIgAAAACQEhABAAAAgJSACAAAAACkBEQAAAAAICUgAgAAAAApAREAAAAASAmIAAAAAEBKQAQAAAAAUgIiAAAAAJASEAEAAACAlIAIAAAAAKQERAAAAAAgJSACAAAAACkBEQAAAABICYgAAAAAQEpABAAAAABSAiIAAAAAkBIQAQAAAICUgAgAAAAApAREAAAAACAlIAIAAAAAKQERAAAAAEgJiAAAAABASkAEAAAAAFICIgAAAACQEhABAAAAgJSACAAAAACkBEQAAAAAICUgAgAAAAApAREAAAAASAmIAAAAAEBKQAQAAAAAUgIiAAAAAJASEAEAAACAlIAIAAAAAKQERAAAAAAgJSACAAAAACkBEQAAAABICYgAAAAAQEpABAAAAABSAiIAAAAAkBIQAQAAAICUgAgAAAAApAREAAAAACAlIAIAAAAAKQERAAAAAEgJiAAAAABASkAEAAAAAFICIgAAAACQEhABAAAAgJSACAAAAACkBEQAAAAAICUgAgAAAAApAREAAAAASAmIAAAAAEBKQAQAAAAAUgIiAAAAAJASEAEAAACAlIAIAAAAAKQERAAAAAAgJSACAAAAACkBEQAAAABICYgAAAAAQEpABAAAAABSAiIAAAAAkBIQAQAAAICUgAgAAAAApAREAAAAACAlIAIAAAAAKQERAAAAAEgJiAAAAABASkAEAAAAAFICIgAAAACQEhABAAAAgJSACAAAAACkBEQAAAAAICUgAgAAAAApAREAAAAASAmIAAAAAEBKQAQAAAAAUgIiAAAAAJASEAEAAACAlIAIAAAAAKQERAAAAAAgJSACAAAAACkBEQAAAABICYgAAAAAQEpABAAAAABSAiIAAAAAkBIQAQAAAICUgAgAAAAApAREAAAAACAlIAIAAAAAKQERAAAAAEgJiAAAAABASkAEAAAAAFICIgAAAACQEhABAAAAgJSACAAAAACkBEQAAAAAICUgAgAAAAApAREAAAAASAmIAAAAAEBKQAQAAAAAUgIiAAAAAJASEAEAAACAlIAIAAAAAKQERAAAAAAgJSACAAAAACkBEQAAAABICYgAAAAAQEpABAAAAABSAiIAAAAAkBIQAQAAAICUgAgAAAAApAREAAAAACAlIAIAAAAAKQERAAAAAEgJiAAAAABASkAEAAAAAFICIgAAAACQEhABAAAAgJSACAAAAACkBEQAAAAAICUgAgAAAAApAREAAAAASAmIAAAAAEBKQAQAAAAAUgIiAAAAAJASEAEAAACAlIAIAAAAAKQERAAAAAAgJSACAAAAACkBEQAAAABICYgAAAAAQEpABAAAAABSAiIAAAAAkBIQAQAAAICUgAgAAAAApAREAAAAACAlIAIAAAAAKQERAAAAAEgJiAAAAABASkAEAAAAAFICIgAAAACQEhABAAAAgJSACAAAAACkBEQAAAAAICUgAgAAAAApAREAAAAASAmIAAAAAEBKQAQAAAAAUgIiAAAAAJASEAEAAACAlIAIAAAAAKQERAAAAAAgJSACAAAAACkBEQAAAABICYgAAAAAQEpABAAAAABSAiIAAAAAkBIQAQAAAICUgAgAAAAApAREAAAAACAlIAIAAAAAKQERAAAAAEgJiAAAAABASkAEAAAAAFICIgAAAACQEhABAAAAgJSACAAAAACkBEQAAAAAICUgAgAAAAApAREAAAAASAmIAAAAAEBKQAQAAAAAUgIiAAAAAJASEAEAAACAlIAIAAAAAKQERAAAAAAgJSACAAAAACkBEQAAAABICYgAAAAAQEpABAAAAABSAiIAAAAAkBIQAQAAAICUgAgAAAAApAREAAAAACAlIAIAAAAAKQERAAAAAEgJiAAAAABASkAEAAAAAFICIgAAAACQEhABAAAAgJSACAAAAACkBEQAAAAAICUgAgAAAAApAREAAAAASAmIAAAAAEBKQAQAAAAAUgIiAAAAAJASEAEAAACAlIAIAAAAAKQERAAAAAAgJSACAAAAACkBEQAAAABICYgAAAAAQEpABAAAAABSS7t//X3afw4AAEBFzZV/4uSkG92D/dg/+hgfPxa/2OlE5+xfF5rRPt2Nz8f/138NALNBQAQAAKioeeefODx4Fdt7rbIV/lCzfRq/3BcQAZgtAiIAU+dsBkfxZHk53pmlAde6OF6+1+1Gt//0TC1qtbNn7778dPYEqKR33B2+iqfbN4uGl9V3uvF03TEIwGwREAFmVHnx8matFpuXLlzq9Xr/Wd/qaqz2n/Y8eBAbKyv9F+e+RoVvDBDvrg4Y3bJfXHIc+/tH/eel/q1dfZ3kCsxMDWbJVcflQIpj+Luj+KtvboMcjXq9GatPivPC48fxWVSEHyqP8cM3r2J7s1X9eGy2Y/fFw/4LAJgNAiLAjGre+SPWapsjDwrTRkBklsz6cVlv7sTWSzERrvLo01Y8bQwRDs/Vd6L7/rkZ9gDMFLswA8yq7tHcx0OYOcsr3876nTGd1mY0arV49ttG/Pnpn/6vwmIrZx3++3ojaqOIh6XOXhxctewAAEwxARFgRp0cX7r/F2CUOp1oNcqQuBX/CokssOadD/GsXJagNcqP7Dpx9O0CpQAw9QREgBnVPTL/EKZPLR6kixjOoE4rNhu1ePv6Qzxa+X/9X4TF0IuHtUaMtB32fTw2BRGA2SIgAgBwrU6rEbW1Z/HvHRGRxdBc6cfD/utR65iCCMCMERABZlC5HpM7mJkG5aYCz/73c/HYiLe/bcWfhx/i3qd/zFabR+VsxNqatRFZCIfPxhcPe1r7cc95EoAZIiACzKRuuIOZ21aG7IPt80vsTnQ6rWhtNqLRqEVtaakXFt+Wm3G8/iPuffoQjxZg9lrr+KdYmeVdVH7obG1EEZF51vy0FY2x1sNC/UH/CQDMhqXdv/4+7T8HYEaUFzdLY7+6mQ71nW48Xf+p/4pp0rvFb2nwWTr1ZjuevnjYfzV/7r3+efzxYQo026fxy/3/67+C+VB+MPKm3DRl6A/p6sW5bjVWH2zExkr5uha1WvnP5Xj3xXEDwOwxAxFgBh3uL0Y8ZMqdHEeVO+k7H4/d4jwHWo2l+POTnyNz5uQg9oaJh/VmtLunsfvXfjx9sR2/rD+Mz/fLx0/x7kv5EA8BmE0CIsCMWbT1Dy00z6ypzdU2zNdrNdZsrMJcOTnYi6r9sJwxv/v7dnwWCQGYQwIiwMyx/iEwLTqx+fSNGaXMhd66rlWnH5ZLM1huA4A5Zg1EgBnTvPMhntWuXneuXv9+5tNqrF7e0OFiLaYztbMFmXrKW6uGWluxvhPd98/j3fH/xaM7lzdY6Eb38iTC4+PYPzrqvyh9jI/fzKgsN+PoPy1YA3F6Ne/8EWu1zcFn61x6r8yjR4cbURt+AbXygI7eEV0cxGeH8YPiEF6Ji0O4OH6/HsH5umq947E4CA+O92Nvr/XN8TUqjlPmQdV1XYv/ZrRPd+PznJ7TAKAkIAJwoXIQKs15FOK/Kr9fmu3YneNNVIYK8c3iONod73FUzrI6fPMqtjdb1Y71K9Vjp/s+7rp1kxlW+did83MaAJTcwgwAVLO80p8Zx6jUHzwee4RvHf8Un9e34/1pN9o7zbNZjkNzKzOz76TiAsPNjfX+MwCYXwIiAMACugiJ3XY0R1ERO5vx6rD/HBZGPR58XUsAAOaWgAgATFTd1fZUaX15GLvvu7EzgojY2jYLkdnVrbRD2WqsLPefAsAcExAB+GqYW1JXV6x/CKXag8q3Ba/eUokoZyM+H0VE7OzFwUn/OSyC+oNLmxkBwPwSEAGAibqtSMb1ziJiO5r919V0Yk9BZAaVmwtVWgLRh2cALAgBEQCAntbxw9htD5kQN1/FPbcxsyAsyQDAohAQAQC40Lq/HcM1xI9xbBIiAMBcERABgIpq8WDgNfMWYMfSYdYSnRLrL3cqr+PoNmYAgPkjIAIA8K3lx/FkiA1VOkfd/jOYb9Z0BWBRCIgAXFJlRtkZ60DB/OhtqLI1xH3MrX3rIDJTyvf8yqxPHQaAMVra/evv0/5zABZcuQvlm7VabHb6vzCA+k43nq7/1H81W5p3/onD7kHs7x/Fx48fIzqd+O+3oB71Mq6ursbqg43YeFyLz1+mc7yP7nyI7sFx7B/1x1OMphjShVH9rKq9X+qx030fd7/M766lzZUP8WypEa3+60E026fxy/3p+N4MM45hf87lMXnS7cbB/n7sfWwV7+Cd6L5/PpO73Z6fX46L88veFcfjheIEc3aKeRIPNlbicW093s3ocTKrY773+udoDPiGn6ZjFgDGSUAE4MIiBcQysh282o7NVoXBXlKvN2Pr7ctbj4mPPv0Rr7b3onXlVfr3mtE+3Y3PQ8aY5p0/Yq22eUVsvd4sx+abmJ+AWP18UPyUfxgQe5Gw+Ge324043o/9o+gF787VpWmmwnOzOL+8Kc4ve8X5ZcgzTNSbT2Lr5fPiHDPdY5+HMQuIAJATEAG4sAgB8dGnrXi63bp6NsxQ6sWF5Nt4ub48sVlS5c/r8M2r2N4sZ2gNZtCL3vPYc6F7EK+2N2PI/lpNsx27Lx72X0yfYY6jaYsRVYLKuWwszeIYXCv+0HG+Z3vHxmE5q3gvziYVX/G3lbPfVkcbqsZ3fikUX29z623xPZiu8+wsjrl8f5wcdqMbx72Z5z3FG+VmH8DcUH925ZVWt+Lt7vpMzqgFYHEJiABcmOeAeDZDbwLBq96Mna2XcXfMF/m9i/YKEebcTX9ew7wnxkZAnJhHhxtRq/jDz95jZUBcqlAlf/SePYtCrwaOWaM4d03s/FKa0DnmR2ZxzOXs4DdrjSk4n83/Ug4AzB+bqAAw18qocO/1RtQaE7rQ7bRis1GLt68/xKMxbCJRjuff3niqx8NSZ+/gZl/f4avpiodM1PI4dpVY34ghtmf5j94xfrgVa0u1s+Nigu/Xr8fjBGfjXpxj/hjLOeZHZnrMJ8ex53wGAJUIiABcmLddKMs1uZ6t1aIxsavcrzqtRtTWnsW9O6O7wD8fz7DrNvZ09uLgm3uSr3ZyXG6AMF3s+D3rqu323jnq9p99Vc6C6x3jFW7jH1ZvDdClER2PFXRam1FbWot/R3iO+ZGZH/PySthoGQCqERABmEu9ddZqjcnNkLlKpxWN2mgu8Hsbc4x0PJ24osfMhNWV5f4zxq72IF/HraLyg4rHTyr8qR+PL2afTXxm8XfKJQSWKmwgNHqd2KwtxZ+f/um/Hp9FHDMA8JWACMDc6V3oDnmL7+iUF7vDRcQylpTrdlXcyyLV2j/sP4PJqnRrdOcoyuZdHt/lLLjbmFlc6q0LWWENx3Fqlbf3Ho4vqC3imAGAbwmIAIzEtMwKK2ceTtuF7rAR8fDZmDYxuTSjCyaq0szGVjSWlnrH9ygPh0HOXcNsKjNunc3xBLVFHPP4ze4McAAWl4AIwNzorc81dfHwXBkRn8W9AYNdOabtcQ2pP6OL0ZqrtUS7RyONdRdmcC26aQ5p50Yd1OZvzNXW3wQABEQA5sTZGoHTsD7XdVrReDbYbcOHr8Y5po9xfIONVFhcw2yic/3MvmkJOfW4yZ48vZnNUx7SzpVB7c9Pw88sXsQxAwA5ARGAmTeuNQLHotW48YXuWGcf3tDy4ycj30SDRXB9mJulWZq9Dyemdmbz1VqNwWc7X7aIYwYAricgAjDzTt48HX6NwHo9mjvtaHe70T09jd2//r54nJa/1t6JneZoUtpNL3RPDvaGnH1YL4ZVPJrNaDZ3ot0uxtcuxlKM52xs+3H3y//1f29i+XFsFePu/TmXH/1/zfwqw/zB3vhmoNWmYgrialw3UXKkH04Ux016jjktj8vi3+3sxGhOM61orL2ptMbpIo4ZAPixpeJ/wE/7zwEg7r3+OapMPGm2T+OX+z+IUWPQW/dwiFuX682d2Hr5PD7/KKT1lRfXh29exfbmkBs5NNux++Jh/8V/nV3EV9s8pV782W9frse7G46pqnI33Cob1py/V8oxnpxEL2ge7+/H3seP0en8eMD1nW48Xf+p/2o6zdpxdJXeLLSlqiGpGe3T3fh8nI+lvEW23C39VtV3ovv+ebxLvs5RfI2DnmNKzTvFeebV06F3mq5yrMz7mM/PO8WZpzj3RNRqtfIkFN3j/djeK87rg/71V7yHHhVjuaw8x32rFrX15fR9BwDTyAxEAGZWL7I9rRoP67HTLi40X/w60EVueevl5/XteH/aHW5GYmv7B7syd+No4IEVY+qeFmN6OPZ4WHp3fzvazf6LG/t6a2v5vXz3pfh+3n8Yd19sx9Pf989mJpUX8+127Ow0o9mb8Xj2+8/U48nj6djxe+4d7lefhVZ/ED9cWrDSTsyTM/RtvPVmtHvH42DnmFKrPC5e7BfHQnuo2XmdzVcD3da7CGM+P++8+/Kwd+7pPS/+2Tuvvy/+7v7vG8bZn//1Uf493z6KXxcPAZgxAiIAs+vwVbVbl8sZI6fv425xEVdVeRF6t7jY7e5UvdLtxN7BNTuYnBzHoNtXNNvFmCYQDodz/S2jpTIklBf0d4sL+l9+34+nv3+97fFGt10zEof71UNS/cnj2Qgkqyvp13nyZnuIgFrOStsdOKJ9r/XlYey+70bl00wxgu03N98paRHHDADcjIAIwEzqzT6sssPID25ZHNS79eoR8dqZMt2jAWdW3mw3WabbxynZFnvYDXyu34G5b3klRraPyuW19rrfrrVXPnqzWovH2Tqg5bp7Z+uCdnfX+3/At8qZeK+qLqzabI/0HFN+WPH8ffG1V5wad9NZiIs4ZgDg5gREAGbTyUEMvL/DiOPhuTIiVrvQbcX+Yf/p0H48s28q3OTWVm7d4avq64pGNGPj6i43ev1bZnd/349f1h/G594to/89vnuzWi/fSlrObn3x6+hnH5bnmN31kZ9jyqC2vlt1Vt7NZuQt4pgBgJsTEAGYSYMHjnrsvB19PDy3vltt7azWyAriKGMki6zcRGOoPTSaG9dunvJVLYbaiLk36234W2a/V85urrb7dDPaY/iA4tzZrLxq55nO3sG1uxMv4pgBgMEIiADMnPJWu0GXZ6vvvB3r2nmt44exUeUq9+PxyC5yW41nbttjKENvolFoTmL64ZhmvfVUmd1caLav33V6FMrzzG6V6c6dvbhuydWFHDMAMBABEYDZM/DusJPZuXe9SkHMLnIr7VDbisbaG7NuqKQXD9ca1W5jvTCZ25ebW+Ob9XZysDf47dv1nXg5qdu2119WuK33+k2bFnHMAMBgBEQAZs7Au8PWn8QE+mHF6NeJo27/6WVVN5jobEZtaS3+vTOlEfGaXW+5Pc07H+LZUiNaVe5ivezGty+XM8t+ipVKb/LxRcqqt/KOM2h+r3db79bgH1Zkt/Qu4pgBgMEJiADMlPJi9/hj/8UN1Z88HvuFbvPOP3H4qsIsnsLVO+8Osz5cJzZrS/H29QcXz1yrPJ7uHW7FWm3YmYeleuxMYkraWDfi6cbRoAfxJGfinasyI69zVIzuKos4ZgBgUAIiACNxdQQbhwoXuyNSxpZHd/6Je58+xL+HW/Hn6414+9vP8ex/P8dSrRaNoadvfVXOuHn8pHJB7Om0Gr3ZiH8eComTVCVyT1rvvfxpK9bWivftZqtS+P6P5tZY1xm9MM5ZrCfHMeiPbhIfUHyv2vkh2WhpEccMAAxMQARgtlS42O0c5bexlTMHyyjYe3z60IuD9w7/iD9fnwfC4vG/fiRcqkWtDIWNRmxutqLV6kRnBOWlc+U9zBHLz7cq7T76rU60NhtRW3sW/376p/9rTKvOZq14zxXvveI92HsvFj+zi/fnxWPwGHz2Pi/f28Wf/Vv/vdxojeT9e6YZ7d3JTEmrPxjf/MPoHg0YUyezvupVlh8/GXjJhCs/6FnEMQMAAxMQAbgwCzOnBr/YLbTKdQGXehHw+0c5c7CMgr1Ho9GLg43NzWi1zgNh8ej/MZNW7j76cvCdA67WacVmoxZvX/8R96Z1fUR6OsXPqlW8B3vvxeJndvH+vHhc/V6+7nH2Pi/f28WfPYY39CR2452Ek4FPgKuxcjstrfo6qd9ZxDEDAIMTEAGYKYNf7M625edvK+w+muu0NqNRW4s/RzAbcSaCM+PXbMcv9ycXD1fHWK+6g66PMNb1GH9k8HVSr5rtvIhjBgAGJyACwBTr7T76dmfg2/au14lWoxbPfvvD2ogMp74T3QndujyVbnFX8fLcUG0X6yEt4pgBAAERgNky8GyZGdDcuD7AtL78Gu+7o46Ihc5mb23EeyIilTSj/f75rcUkKvh4vHgfGizimAFgDAREAEbCbWJVNeMH/bDnLCK2oznqithpRWPtjQvskbq9ncInpx473flY9xAAgB8TEAG4ZBHCxzSpD7T5ROvLw9h93432TnO0sxHLmYjPDvsv4AfqzWh338fdL+LhzLnF249vzSKOGQDGQEAEgNvQjzCDbj5RrgH2eX27NxtxZ5TTEVuN+POTWYj8QLnm4fvd+CweAgAsFAERgJlSG3QLzltUr9eLRzOazeKxsxPtdjva3W50T09j9/ftoSJMORvx7ov9OB3hbc2tbbcyk6kX7+Fu8b791Wyuy25xfb1b2wV9EccMAAiIAHATZzHwUhAsHjs77bMo2O5GtwyDxWP3r78vHk9/3y8e2/HLi+Kx/mt8vv8wPn/5aaQBpgyJv/z+d3TbO8OHxM5mvHIn8/BOjmOeGke9uXM2W3b9p/6vzK+BP6DoHMXtrf46+JIT9Qe1/rOvFnHMAMDgBEQARmNCs1KWV1b7zyq4iIDFox8Bvw2B7YsQ2O2eXhEDLwXB4nF3/eFZFLz/U7wrw2DxuC3v7v86kvURW/uDFERrZs6zs3B4Gk9f/LowtywPfn5pxUCHzChVCNWrK8v9Z18t4pgBgMEJiAB8NQszp2oPBg9kzfZZCLyIgMWjHwG/DYEPL0LguxkMJhfrI552q6+P2NqPe25jXljlDNudckbt6WKFwwsVzi8fj0/6zybr5GAvBuv39bhyMt4ijhkAGJiACMBsWV6JgecgLlgUK0NiuT5id6dKRPwYt9QGONeLeF9nxe5cmi377ePSjNrLj/4fc52z31v+GTu9v+t8xm05w/ZuOaN2Udc5rHB+6Wy+mvj5pVwL8GBv0Om/q3HlZLxFHDMAMLCl4v9ZPO0/B2DBNe/8EWu1zQFnePT1dmd9PvbwUF5EvlmrxeaAX2SzfTrwjsfz4NHhRtQG/Gbd9HvVXPkQz5Ya0eq/vpFyNuiLh/0X86n5aSuWGgN9Vy5pRvt0Nz4vSMC79/rnGPRbNc5jeVbOL5XeY8k5ehHHnKl0TluwYxaAxWUGIgAzpZxdV2UZxEXdYXj5+dsYdCLibd2eSKG5IUTcovL88vjJ4DN3J3l+6QW/7cEDdf3J4ytD2iKOGQAYnIAIwFfdo2qzD0sT3JlzfaPZfzaABd1huGocGJsJbbYDVS0/fjLwmoDl+eXpm8mE95M3TweeLRjFiJ48zu/lXcQxAwCDERABmD3rG1EhIUar8exW10J89Gkr3v5vI/69M9mvYaidq2HRLD+OKs29s/l07Md2uczE08FLWjkVL65taYs4ZgBgIAIiADOndfwwqkxCLP6b0Vib/K3M5e13915vRK3Rik7xf5sTngp5cjxFe2tPcKbqbRnq+71AMzTL42Ka3prnqs/aLY7t2vg+pOjdxvu02hq1za3r1wFcxDEDAIMREAGYSZVuYy51NqO2VlzwTmgW4KNPf8SztVo0WpcugVvbE52F2D0a7PJ7dazbltrlmem3/Hyr0izncX1I0QtpFTY6OdOMjfX+02ss4pgBgJsTEAG4MFUz1X5k/eXAm4Nc6BQXvLW1+PfTP/1fGL3mnQ/xb2/W4WZcbodnJjcLsbz9r8LeA2PUib0DBZHpVs5yfln1BDPiDymGC2kR9Z2XN9qYZxHHPBo+FAFgMQiIAIzIZC+iylvunm9VnIXY04nNRi3evv4w0pkz5+FwqdaIzf+Ww68mMAux/Fqe1Qa9/W/8M3c6m69udS1KuInqM/IK/Q8p/hzyQ4pyBvPaUvWQFvWdePv85jOKF3HMAMDNCIgAzK5hZiH2dVqNqC0VF72H1UNiOVvm3uFWvP3t5x+Hwwud2Hw6nvUYy6+n3LBlrfhaBp58WH8Qtf7T8WlF49nhjcfevFN+f/+IP3/biLf/+zmeFY+3h+ObPXqrFmCNyFlRzsjbbQ/3IUWr/JDit62BZ+ZdnsFctaOVBl0HcBHHDADcjIAIwMwafhbiueKid7MMiUvxrLjw/ffwQ3Hx+8+VgetR+evFhe69T3/En8XFbhm0lpZq0dhsRWfQq97OZtz0TuYyop393f8NZ2f/7uvXVH49Zxu2DK7+5PFkLr7LcLvWD7ffhYZyjOdjKWPhUq38/pa3gpdb0JzpHE1vZht0zUmmV+v+dgzV0wqd3sy88tyyUbzf/7jy3NKL/uUxPPAHEddotuOX+4Mfy4s4ZgDgx5Z2//r7tP8cgAX36HAjatXvG4ud7vu4+2XyF2/3Xv8cjala528AxQXv7ouH/RdXG+7nMohmtE93b7x2WHPlQzxbqjDLcRRu8H27LcO9Hwf7GcyyquvcNdunE41Et/o+r2y499EijrlUbdy39799ADBJZiACcGFWZ06t73aHvpX51kx4R+brDL7xQC0e3NL3vf5g/Dda3w4bMkyb3m293Z2YnVNMGbSGC2mLOObqOjHFE6IBYGQERABmXu9W5vft6ov/36L6ztspmbnSjK0BNx4ov+8rq/0XMMdaX36N98Pe1zshzfZoZsMt4pgBgJyACMCI3O4sjNmbMVPGw248Xf+p/+o2VZ+9U7ulKYirK/O6y6rZTNOqXBuwO+VTnZvt7khv717EMQMAVxMQAZgbvRkzMxIRB4mHy2Oe5jfMLMjlx09mKtrCMN6t709tUDsLaaP/QGIRxwwA/JeACMBcOYuI7WhObdWq9y56B5p5WHswtkg37CzI8vs9ko2w50S5Mcjxx/4L5lIvqLWbUxTOz84p4wxpizhmAOBbAiIAc6f15WHsvu9Ge9oqYr0Z7e77KbnorRAyE+svJz3rsx5zu4dK4aNdVKbeu/vb0zHbuTinlDsAT+KcsohjBgC+EhABmEvlBh+fX5SzZnamYjZivdmO7vvd+FzlVuHllRjpTcwjDpnlLMS3M7sNNlTTm+18ensfVJyfUya5ecgijhkAOCMgAjDX3t3/9Ww24s7t3H5Xb+5Eu3saT188jHcVNikZrXo0d4YImdcob3Gc3IatqzG3e6gwU27lg4pyBl45e/iWzimLOGYAQEAEYAH0LnjXt3szZya1jtfXcPjryGNdFb2ZO+Wsw/XxXYB/fvH31O/YCuNQflDxy+/F+3+cUa0f0XZ/3467U3D77iKOGQAW2dLuX3+f9p8DsOAeHW5EbbPTf1Wo1y9i2+pq/ybajx/jfI+ITufy721G++3oZ7aNS/POh3hzsB97e61iHP1fHFK9+B482XoZj9eXRxrpyo053qzV4vKP5kaKn19z6228HPHX8yPl9/bZ0+1ojeobe6F4PzafxNbL51P9Pvv+OKoXP4czq8VxdPbsY3Ec9RTfo++/S8NubDNL7r3eiEZrkPdJcZ45Lc4zUz4LrXd+ebUde8XYhjsKZuM9X5qXMQ/+nqz31mR0WzUA805ABGDhlYHu5KQb3YPj2D86uog73wTSS86DUBlVH2xsxOPaerwb88Vj89NWrDVa6YX52de0GqtPHsTGyuOoTTgaXqX3fT08iFf7e2V3Tr+f576GtvNgXYxlYyWiVova8u2PZ9we3fmn+M9inELEf5wdo1F8b2YvrDaLn+th9yCO949ir3du6Vz9oUXx/u8dxatPivPKykTOK+OyiGMGgHknIAIAAAAAKWsgAgAAAAApAREAAAAASAmIAAAAAEBKQAQAAAAAUgIiAAAAAJASEAEAAACAlIAIAAAAAKQERAAAAAAgJSACAAAAACkBEQAAAABICYgAAAAAQEpABAAAAABSAiIAAAAAkBIQAQAAAICUgAgAAAAApAREAAAAACAlIAIAAAAAKQERAAAAAEgJiAAAAABASkAEAAAAAFICIgAAAACQEhABAAAAgJSACAAAAACkBEQAAAAAICUgAgAAAAApAREAAAAASAmIAAAAAEBKQAQAAAAAUgIiAAAAAJASEAEAAACAlIAIAAAAAKQERAAAAAAgJSACAAAAACkBEQAAAABICYgAAAAAQEpABAAAAABSAiIAAAAAkBIQAQAAAICUgAgAAAAApAREAAAAACAlIAIAAAAAKQERAAAAAEgJiAAAAABASkAEAAAAAFICIgAAAACQEhABAAAAgJSACAAAAACkBEQAAAAAICUgAgAAAAApAREAAAAASAmIAAAAAEBKQAQAAAAAUgIiAAAAAJASEAEAAACAlIAIAAAAAKQERAAAAAAgJSACAAAAACkBEQAAAABICYgAAAAAQEpABAAAAABSAiIAAAAAkBIQAQAAAICUgAgAAAAApAREAAAAACAlIAIAAAAAKQERAAAAAEgJiAAAAABASkAEAAAAAFICIgAAAACQEhABAAAAgJSACAAAAACkBEQAAAAAICUgAgAAAAApAREAAAAASAmIAAAAAEBKQAQAAAAAUgIiAAAAAJASEAEAAACAlIAIAAAAAKQERAAAAAAgJSACAAAAACkBEQAAAABICYgAAAAAQEpABAAAAABSAiIAAAAAkBIQAQAAAICUgAgAAAAApAREAAAAACAlIAIAAAAAKQERAAAAAEgJiAAAAABASkAEAAAAAFICIgAAAACQEhABAAAAgJSACAAAAACkBEQAAAAAICUgAgAAAAApAREAAAAASAmIAAAAAEBKQAQAAAAAUgIiAAAAAJASEAEAAACAlIAIAAAAAKQERAAAAAAgJSACAAAAACkBEQAAAABICYgAAAAAQEpABAAAAABSAiIAAAAAkBIQAQAAAICUgAgAAAAApAREAAAAACAlIAIAAAAAKQERAAAAAEgJiAAAAABASkAEAAAAAFICIgAAAACQEhABAAAAgJSACAAAAACkBEQAAAAAICUgAgAAAAApAREAAAAASAmIAAAAAEBKQAQAAAAAUgIiAAAAAJASEAEAAACAlIAIAAAAAKQERAAAAAAgJSACAAAAACkBEQAAAABICYgAAAAAQEpABAAAAABSAiIAAAAAkBIQAQAAAICUgAgAAAAApAREAAAAACAlIAIAAAAAKQERAAAAAEgJiAAAAABASkAEAAAAAFICIgAAAACQEhABAAAAgJSACAAAAACkBEQAAAAAICUgAgAAAAApAREAAAAASAmIAAAAAEBKQAQAAAAAUgIiAAAAAJASEAEAAACAlIAIAAAAAKQERAAAAAAgJSACAAAAACkBEQAAAABICYgAAAAAQEpABAAAAABSAiIAAAAAkBIQAQAAAICUgAgAAAAApAREAAAAACAlIAIAAAAAKQERAAAAAEgJiAAAAABASkAEAAAAAFICIgAAAACQEhABAAAAgJSACAAAAACkBEQAAAAAICUgAgAAAAApAREAAAAASAmIAAAAAEBKQAQAAAAAUgIiAAAAAJASEAEAAACAlIAIAAAAAKQERAAAAAAgJSACAAAAACkBEQAAAABICYgAAAAAQEpABAAAAABSAiIAAAAAkBIQAQAAAICUgAgAAAAApAREAAAAACAlIAIAAAAAKQERAAAAAEgJiAAAAABASkAEAAAAAFICIgAAAACQEhABAAAAgJSACAAAAACkBEQAAAAAICUgAgAAAAApAREAAAAASAmIAAAAAEBKQAQAAAAAUgIiAAAAAJASEAEAAACAlIAIAAAAAKQERAAAAAAgJSACAAAAACkBEQAAAABICYgAAAAAQEpABAAAAABSAiIAAAAAkBIQAQAAAICUgAgAAAAApAREAAAAACAlIAIAAAAAKQERAAAAAEgJiAAAAABASkAEAAAAAFICIgAAAACQEhABAAAAgJSACAAAAACkBEQAAAAAICUgAgAAAAApAREAAAAASAmIAAAAAEBKQAQAAAAAUgIiAAAAAJASEAEAAACAlIAIAAAAAKQERAAAAAAgJSACAAAAACkBEQAAAABICYgAAAAAQEpABAAAAABSAiIAAAAAkBIQAQAAAICUgAgAAAAApAREAAAAACAlIAIAAAAAKQERAAAAAEgJiAAAAABASkAEAAAAAFICIgAAAACQEhABAAAAgJSACAAAAACkBEQAAAAAICUgAgAAAAApAREAAAAASAmIAAAAAEBKQAQAAAAAUgIiAAAAAJASEAEAAACAlIAIAAAAAKQERAAAAAAgJSACAAAAACkBEQAAAABICYgAAAAAQEpABAAAAABSAiIAAAAAkBIQAQAAAICUgAgAAAAApAREAAAAACAlIAIAAAAAKQERAAAAAEgJiAAAAABASkAEAAAAAFICIgAAAACQEhABAAAAgJSACAAAAACkBEQAAAAAICUgAgAAAAApAREAAAAASAmIAAAAAEBKQAQAAAAAUgIiAAAAAJASEAEAAACAlIAIAAAAAKQERAAAAAAgJSACAAAAACkBEQAAAABICYgAAAAAQEpABAAAAABSAiIAAAAAkBIQAQAAAICUgAgAAAAApAREAAAAACAlIAIAAAAAKQERAAAAAEgJiAAAAABASkAEAAAAAFICIgAAAACQEhABAAAAgJSACAAAAACkBEQAAAAAICUgAgAAAAApAREAAAAASAmIAAAAAEBKQAQAAAAAUgIiAAAAAJASEAEAAACAlIAIAAAAAKQERAAAAAAgJSACAAAAACkBEQAAAABICYgAAAAAQEpABAAAAABSAiIAAAAAkBIQAQAAAICUgAgAAAAApAREAAAAACAlIAIAAAAAKQERAAAAAEgJiAAAAABASkAEAAAAAFICIgAAAACQEhABAAAAgJSACAAAAACkBEQAAAAAICUgAgAAAAApAREAAAAASAmIAAAAAEBKQAQAAAAAUgIiAAAAAJASEAEAAACAlIAIAAAAAKQERAAAAAAgJSACAAAAACkBEQAAAABICYgAAAAAQEpABAAAAABSAiIAAAAAkBIQAQAAAICUgAgAAAAApAREAAAAACAlIAIAAAAAKQERAAAAAEgJiAAAAABASkAEAAAAAFICIgAAAACQEhABAAAAgJSACAAAAACkBEQAAAAAICUgAgAAAAApAREAAAAASAmIAAAAAEAi4v8Djng/wco7To8AAAAASUVORK5CYII=', 'Ongoing', 'Service Approved'),
(2, 'Reserve Facility', 1, NULL, 1, NULL, NULL, 'Moderate', '2025-01-04', '2025-01-04', '13:00', '16:00', 'seminar', '2025-01-02', NULL, 5, 2, NULL, NULL, NULL, NULL, NULL, 'Accepted');

-- --------------------------------------------------------

--
-- Table structure for table `tbrooms`
--

CREATE TABLE `tbrooms` (
  `room_id` int(12) NOT NULL,
  `room_bldg` varchar(255) NOT NULL,
  `room_floor` varchar(255) NOT NULL,
  `room_type` varchar(255) NOT NULL,
  `room_name` varchar(255) NOT NULL,
  `room_desc` varchar(255) NOT NULL,
  `room_status` varchar(255) NOT NULL,
  `room_status_start_date` varchar(255) DEFAULT NULL,
  `room_status_end_date` varchar(255) DEFAULT NULL,
  `room_status_start_time` varchar(255) DEFAULT NULL,
  `room_status_end_time` varchar(255) DEFAULT NULL,
  `dept_id` int(12) NOT NULL
) ENGINE=InnoDB DEFAULT CHARSET=utf8mb4 COLLATE=utf8mb4_general_ci;

--
-- Dumping data for table `tbrooms`
--

INSERT INTO `tbrooms` (`room_id`, `room_bldg`, `room_floor`, `room_type`, `room_name`, `room_desc`, `room_status`, `room_status_start_date`, `room_status_end_date`, `room_status_start_time`, `room_status_end_time`, `dept_id`) VALUES
(1, 'Old Building', '2nd Floor', 'Laboratory', 'Cisco Laboratory', 'Laboratory for networking and other computer-related activities', 'Available', NULL, NULL, NULL, NULL, 2),
(2, 'Old Building', '2nd Floor', 'Office', 'Computer Maintenance Office', 'Main office of CMO department', 'Available', NULL, NULL, NULL, NULL, 2),
(3, 'CBE Building', '4th Floor', 'Multi-Purpose', 'CBE AVR', 'Audio Visual Room', 'Available', NULL, NULL, NULL, NULL, 1),
(4, 'Maritime Building', '6th Floor', 'Multi-Purpose', 'Maritime AVR', 'Audio Visual Room', 'Available', NULL, NULL, NULL, NULL, 1),
(5, 'BE Building', '8th Floor', 'Multi-Purpose', 'BE Auditorium', 'Auditorium', 'Available', NULL, NULL, NULL, NULL, 1),
(6, 'Annex B', '1st Floor', 'Multi-Purpose', 'Function Hall', 'Ground', 'Available', NULL, NULL, NULL, NULL, 1),
(7, 'Old Building', '3rd Floor', 'Laboratory', 'C4 Laboratory', 'Computer Laboratory #4', 'Available', NULL, NULL, NULL, NULL, 2),
(8, 'Old Building', '2nd Floor', 'Laboratory', 'Room 208', 'test', 'Ongoing Service', NULL, NULL, NULL, NULL, 3);

-- --------------------------------------------------------

--
-- Table structure for table `tbschedules`
--

CREATE TABLE `tbschedules` (
  `sched_id` int(12) NOT NULL,
  `sched_user_id` int(12) NOT NULL,
  `sched_dept_id` int(12) NOT NULL,
  `sched_days_of_week` varchar(255) NOT NULL,
  `sched_time_in` varchar(255) NOT NULL,
  `sched_time_out` varchar(255) NOT NULL,
  `sched_start_date` varchar(255) NOT NULL,
  `sched_end_date` varchar(255) NOT NULL,
  `sched_notes` varchar(255) DEFAULT NULL,
  `sched_create_dept_id` int(12) NOT NULL
) ENGINE=InnoDB DEFAULT CHARSET=utf8mb4 COLLATE=utf8mb4_general_ci;

--
-- Dumping data for table `tbschedules`
--

INSERT INTO `tbschedules` (`sched_id`, `sched_user_id`, `sched_dept_id`, `sched_days_of_week`, `sched_time_in`, `sched_time_out`, `sched_start_date`, `sched_end_date`, `sched_notes`, `sched_create_dept_id`) VALUES
(1, 8, 1, 'Tuesday, Thursday', '08:00', '12:00', '2024-11-20', '2024-12-20', '08:00AM - 12:00PM TTh', 1),
(2, 6, 2, 'Monday, Wednesday, Friday', '08:00', '12:00', '2025-01-06', '2025-02-28', 'sample', 2),
(4, 7, 3, 'Monday, Tuesday, Wednesday, Thursday, Friday', '09:00', '12:00', '2024-11-25', '2024-12-27', 'testing', 3),
(8, 6, 2, 'Wednesday, Friday', '08:00', '12:00', '2024-12-16', '2024-12-20', 'test notif 3', 2),
(9, 6, 2, 'Monday, Tuesday, Thursday', '13:00', '16:00', '2024-12-16', '2024-12-20', 'test notif 4', 2),
(10, 8, 1, 'Monday, Wednesday, Friday', '13:00', '16:00', '2024-12-10', '2024-12-14', 'bmo mfw', 2);

-- --------------------------------------------------------

--
-- Table structure for table `tbuseraccounts`
--

CREATE TABLE `tbuseraccounts` (
  `user_id` int(12) NOT NULL,
  `user_idnum` int(12) NOT NULL,
  `user_password` varchar(50) NOT NULL,
  `user_fname` varchar(255) NOT NULL,
  `user_lname` varchar(255) NOT NULL,
  `user_email` varchar(255) NOT NULL,
  `user_contact` varchar(255) NOT NULL,
  `user_type` varchar(255) NOT NULL,
  `user_position` varchar(255) NOT NULL,
  `dept_id` int(12) NOT NULL,
  `user_status` varchar(255) NOT NULL,
  `user_sign` longtext DEFAULT NULL
) ENGINE=InnoDB DEFAULT CHARSET=utf8mb4 COLLATE=utf8mb4_general_ci;

--
-- Dumping data for table `tbuseraccounts`
--

INSERT INTO `tbuseraccounts` (`user_id`, `user_idnum`, `user_password`, `user_fname`, `user_lname`, `user_email`, `user_contact`, `user_type`, `user_position`, `dept_id`, `user_status`, `user_sign`) VALUES
(1, 10000000, 'admin', 'Joe', 'Admin', 'admin@mail.com', '12345678', 'Administrator', 'Administrator', 2, 'Activated', NULL),
(2, 10000001, 'tech1', 'Joe', 'BMO', 'tech@mail.com', '12345678', 'Technical Staff', 'Supervisor', 1, 'Activated', 'iVBORw0KGgoAAAANSUhEUgAAApsAAAEUCAYAAABknP30AAAAAXNSR0IArs4c6QAAIABJREFUeF7t3QfUFNXdx/GrgoItChhLQCNosMaGosGGih3EAhasEcGIgKJY0ASJMSqhCAgGCypij2LQKJaAiKIiYi8RVGyIiqAY7IT3/Oa8s2d2ntnd2d25O2W/9xyOwrN7753PnWf3P7eusnLlypWGhAACCCCAAAIIIICABYFVCDYtqJIlAggggAACCCCAgCNAsMmNgAACCCCAAAIIIGBNgGDTGi0ZI4AAAggggAACCBBscg8ggAACCCCAAAIIWBMg2LRGS8YIIIAAAggggAACBJvcAwgggAACCCCAAALWBAg2rdGSMQIIIIAAAggggADBJvcAAggggAACCCCAgDUBgk1rtGSMAAIIIIAAAgggQLDJPYAAAggggAACCCBgTYBg0xotGSOAAAIIIIAAAggQbHIPIIAAAggggAACCFgTINi0RkvGCCCAAAIIIIAAAgSb3AMIIIAAAggggAAC1gQINq3RkjECCCCAAAIIIIAAwSb3AAIIIIAAAggggIA1AYJNa7RkjAACCCCAAAIIIECwyT2AAAIIIIAAAgggYE2AYNMaLRkjgAACCCCAAAIIEGxyDyCAAAIIIIAAAghYEyDYtEZLxggggAACCCCAAAIEm9wDCCCAAAIIIIAAAtYECDat0ZIxAggggAACCCCAAMEm9wACCCCAAAIIIICANQGCTWu0ZIwAAggggAACCCBAsMk9gAACCCCAAAIIIGBNgGDTGi0ZI4AAAggggAACCBBscg8ggAACCCCAAAIIWBMg2LRGS8YIIIAAAggggAACBJvcAwgggAACCCCAAALWBAg2rdGSMQIIIIAAAggggADBJvcAAggggAACCCCAgDUBgk1rtGSMAAIIIIAAAgggQLDJPYAAAggggAACCCBgTYBg0xotGSOAAAIIIIAAAggQbHIPIIAAAggggAACCFgTINi0RkvGCCCAAAIIIIAAAgSb3AMIIIAAAggggAAC1gQINq3RkjECCCCAAAIIIIAAwSb3AAIIIIAAAggggIA1AYJNa7RkjAACCCCAAAIIIECwyT2AAAIIIIAAAgggYE2AYNMaLRkjgAACCCCAAAIIEGxyDyCAAAIIIIAAAghYEyDYtEZLxggggAACCCCAAAIEm9wDCCCAAAIIIIAAAtYECDat0ZIxAggggAACCCCAAMEm9wACCCCAAAIIIICANQGCTWu0ZIwAAggggAACCCBAsMk9gAACCCCAAAIIIGBNgGDTGi0ZI4AAAggggAACCBBscg8ggAACCCCAAAIIWBMg2LRGS8YIIIAAAggggAACBJvcAwgggAACCCCAAALWBAg2rdGSMQIIIIAAAggggADBJvcAAggggAACCCCAgDUBgk1rtGSMAAIIIIAAAgggQLDJPYAAAggggAACCCBgTYBg0xotGSOAAAIIIIAAAggQbHIPIIAAAggggAACCFgTINi0RkvGCCCAAAIIIIAAAgSb3AMIIIAAAggggAAC1gQINq3RkjECCCCAAAIIIIAAwSb3AAIIIIAAAggggIA1AYJNa7RkjAACCCCAAAIIIECwyT2AAAIIIIAAAgggYE2AYNMaLRkjgAACCCCAAAIIEGxyDyCAAAIIIIAAAghYEyDYtEZLxggggAACCCCAAAIEm9wDCCCAAAIIIIAAAtYECDat0ZIxAggggAACCCCAAMEm9wACCCCAAAIIIICANQGCTWu0ZIwAAggggAACCCBAsMk9gAACCCCAAAIIIGBNgGDTGi0ZI4AAAggggAACCBBscg8ggAACCCCAAAIIWBMg2LRGS8YIIIAAAggggAACBJvcAwgggAACCCCAAALWBAg2rdGSMQIIIIAAAggggADBJvcAAggggAACCCCAgDUBgk1rtGSMAAIIIIAAAgggQLDJPYAAAggggAACCCBgTYBg0xotGSOAAAIIIIAAAggQbHIPIIAAAggggAACCFgTINi0RkvGCCCAAAIIIIAAAgSb3AMIIIAAAggggAAC1gQINq3RkjECCCCAAAIIIIAAwSb3AAIIIIAAAggggIA1AYJNa7RkjAACCCCAAAIIIECwyT2AAAIIIIAAAgggYE2AYNMabTwZf/HFF2aDDTYwt9xyi/nggw9ylVi4cKHZZJNNzHPPPWfWW289s2DBArPVVlvlVfLXv/618+/HH3+8WX311Z2f7bvvvvFcCKUigAACNRQYMmSIGTx4cA1LpCgE6keAYDPlbf3kk0+aGTNmmA033NCMGTPGzJ8/3/z444+RXZWCTQWgxxxzjGnRooVp37698/ddd93VKLDVz91ANrJCyQgBBBCoocAqq6zilLbLLruYOXPm1LBkikKgPgQINlPYzlOmTDHPPPOMGTp0aOy133zzzc37779vLrvsMnoFYm8NKoAAAuUKqEdTn19umj59OiM65SLyegRKCBBspugWGTdunJk2bZq57777EldrDdF/8skniasXFUIAAQSKCfTv39+MHj0695KlS5c6U41ICCAQnQDBZnSWVnM68sgjzQMPPGC1jGoy79y5s1GPKwkBBBBIi8BDDz1k9NnlTX//+99N796903IJ1BOBVAgQbCa4mfSE/cQTT5g+ffo48yPDpGbNmpk2bdoYLfZx51Tqfdtss41p2rSp+fDDD836669v3nnnHbPZZpvlZekuEHr99dfNxhtv7Mz/PProo43q0a1bt9xrFfRqnqby32effZz/7rHHHqZly5ZhqshrEEAAgUQIKKi8/vrr8+rSq1cvM378+ETUj0ogkBUBgs2EtuRXX31lHn/8cdO9e/eSNdQiHQWDhx56qBNkkhBAAAEESgvo8/Xee+/NeyHzz0u78QoEyhUg2CxXrEavv/XWW82pp54aWFrjxo3NJZdc4vQqsjVRjRqEYhBAIHMC7ip074URbGaumbmgBAgQbCagEfxVePnll02HDh3Mt99+m/cjDX/37NnTnHDCCWbHHXdMYM2pEgIIIJAOgcWLFzt7EvvT22+/bdq2bZuOi6CWCKREgGAzgQ01fPhwc/755+fVTD2YZ511Vt7cyQRWnSohgAACqRAI+pxV8Pn555+nov5UEoE0CRBsJrC11l13XfPNN9/k1ezyyy83l156aQJrS5UQQACB9AlsvfXWRr2Y3jR27FjnoZ6EAALRChBsRutZdW533nmnM0zuTerV1EbDJAQQQACBaAQaNWpkVqxYkZeZDqhgkWU0vuSCgFeAYDNh90PHjh2NjqD0psmTJ5uuXbsmrKZUBwEEEEinQJcuXcyDDz6YV3nNg3/ppZfSeUHUGoGECxBsJqyBglZHcqJFwhqJ6iCAQGoFtNWRf0s5TV3S/sF62CchgED0AgSb0ZtWlWOrVq3Mxx9/nJeHnrZZfV4VK29GAAEEHIFtt93WvPnmm3kaAwcONEOHDkUIAQQsCRBsWoKtNNuDDjrIPPbYY7m3r7nmmmb58uWVZsf7EEAAAQQ8AvpM/e6773ig565AoIYCBJs1xA5T1P7772+mTZuW91ImrYeR4zUIIIBAcYH27dub2bNn517UpEkTc9FFF5nBgwdDhwACFgUINi3iVpL1LbfcYk477bS8t958880FTxOqpAzegwACCNSbwE477WR0YIabWrRo4RxVySls9XYncL1xCBBsxqFepMyHHnrIdO7cOe8V/fr1M6NGjUpYTakOAgggkA6BPn36mHHjxuVVlmMp09F21DIbAgSbCWvHL774wvzyl7/Mq9Vaa63lbD7csmXLhNWW6iCAAALJFhg5cqQZMGBAXiV32WUXM2fOnGRXnNohkCEBgs0ENmbQXpt33HGHOf744xNYW6qEAAIIJFNAw+YaPvcmrUZ//fXXk1lhaoVARgUINhPYsNdee63p27dvXs10qoU2Id5uu+0SWGOqhAACCCRLYNiwYUZbGnnTqquual599VVn+yMSAgjUToBgs3bWZZUU1LvZs2dPc8MNN5SVDy9GAAEE6k1g+PDh5sILL2xwHOXEiRPNSSedVG8cXC8CsQsQbMbeBMEVCDojvXXr1ubdd99NaI2pFgIIIBC/gI771Y4eCxYsyKuMNm3393TGX1tqgEB9CBBsJrSdv/rqK9OmTRuzZMmSvBpqKP3www9PaK2pFgIIIBCvgH+LI9VGJ7N9+OGH8VaM0hGoYwGCzQQ3vjYbvvrqq/Nq2K1bN3PNNdeYTTbZJME1p2oIIIBAPAKrr766+emnn/IKj2uv4jfeeMPMmDHDqLdV80RffPFF89prrxnNwdexxNp9RMGxXqf/178feOCBzuf7PvvsY/773//SuRDPbUSpEQsQbEYMGmV2GgbaY489zKJFi/KyZX+4KJXJCwEEsiLQpUsXZyGlN2lIfcKECTW7RH1u33rrreb66683CxcujKTcXr16mXfeecfohLkdd9zRrL322mxGH4ksmdRKgGCzVtIVljNkyBCj4NKbNHdz5syZ9G5WaMrbEEAgewLqNWzXrl3ehbVt29bZo7gWSeUrKNS8+q+//roWRToBp/6oF5STkGpCTiEVChBsVghXq7fpKblDhw4NnpDp3axVC1AOAgikQeCwww4zDz/8cF5Vn3rqKbPXXntZrb46BHTMsH9BktVCAzJXoHvAAQcYTbUiIZA0AYLNpLVIQH2C5m6qd1Pbe3Tt2jUFV0AVEUAAAbsCOuv8yy+/zBVy7rnnmhEjRlgrNGjUqVhhmoe5/vrrm6VLl5rddtvN2Vg+aM5mtUHrb37zG3Psscea/v37m+bNm1u7fjJGoBwBgs1ytGJ6rSaXn3322c4kcm/Sk7zOUichgAAC9SygeZnqXXRTjx49zKRJk6yQ3Hvvvcb9U6yA3/3ud+aUU04xOhpTQd96663n/CmV3EVFr7zyijNVSqNYOsL4888/L/XWBj9Xb6dOnmOIvWw63hCxAMFmxKC2sguaj6Sypk+fzgeJLXTyRQCBQAE9AM+ePds0btzYmRMZZ0DzxBNPmE6dOuXqqVXf999/v1EPX9RJw/QXXHBBgwd/txwFd1pdvtVWW0X+uXzjjTc6c0G1Qt0/j7/UdWpo/corr3S20yMhEIcAwWYc6hWWGTQnibmbFWLyNgQQKFtAQeZ5551n5s6d2+C9Z5xxhunXr1/Nj9Q95JBDzNSpU3P1sbXNUbFh81NPPdVcfPHFVgLcQo2kttC2Supl9Y96Bb1HQbhWyaunlYRArQUINmstXkV5t99+u9EH+nfffZfLZYMNNqhoeKWKavBWBBCoIwEdMKHARsc/avudYkkBzbPPPmvWWWedmghpqFyB3ooVK5zyFEjNmTMn8rL79OnjBHWaY+lNKk9nsMc5TO22j7Z8CrPFk+aKcjZ85LcIGZYQINhM2S0yYMAAM3LkyLxaa+hm/PjxKbsSqosAAkkV0LSdUaNGObtgzJs3r6zTd+644w5nWL0W6bjjjjN33323U9Rqq61mbrvttsjL3n333c3zzz/f4HLOPPNMc91119XiMkOXoXqqZ/fRRx8tuDpegbGmX5EQqKUAwWYttSMoSysVtZLR/4R9zz33sOVFBL5kgUA9CHzyySdGJ+2ox/KDDz4wy5cvdwLLf/7zn+abb74x3377bSiGVVZZxaxcuTKWh1/1oGoRjps0L1Gfg1El9WR27969QXaak3nEEUeYwYMHR1VU5PmoB1qbymvHkqCkYFQnFZEQqJUAwWatpCMsJ+hDUFtqaFJ8nMM5EV4iWSGAQBUCChgVcOjwBwWQCiy1sllHJeqYxM8++6zi3I866iiz7rrrOsGKHn4HDRrUIC9/AFpxYUXe2Lt3byegcpOGz6Oaj1hofqYCWvePjWuKOk//4ik3/549e5obbrgh6uLID4GCAgSbKbw51KupoZ333nsvr/aaU3XVVVel8IqoMgIIVCugoe9Zs2Y5q461YlkBZ1RJ8yJ1bnfQSTWan6ny3LT55ps3+GyKqh5uPv7dOaLs1SzUo5nWz1f1/qoX2Jv0/eH/t6jbiPwQ8AoQbKb0fgh68lbPxTPPPON8KZAQQCD7AlqF/Ne//tVZlayh8SiS9nTcZpttnLmP2j5IixCLLSjRqIoWqbhJ76+m5zTMNRx00EHmsccey71Ue1L+9re/DfPWoq8pFGimeZqShv1ffvnlvOtmF5OqbxUyKFOAYLNMsKS8XPOrNIzl3/Ii6R8iixcvduZ4ffjhh7kN6bXxseaMqceWaQBJucOoR1IFNM9SD5saEveemFOsvo0aNTI///yzEzT++OOPzg4WOmFH6c0333T2y9Q8xJYtW5o99tijrEv3b6iuN7///vvWHnr989b/8Ic/mHHjxpVV56AXa1N4ufpP8En6Z2qxCw/aLk+v196oOjeehECtBAg2ayVtoZygp/C1117bfPTRR6FOqrBQpVyW+kLUnDENd2lelYa51BOhTYmLJc25Ug+temk0HLfGGms4vSubbbaZ8+VFMGqz1cg7qQKaZ6lhT628vu+++0pWc+eddza/+tWvzOGHH+6cPrP//vs7gamNUQ/1gN511115dbIZbGovzzFjxuTKW7ZsWdVbLWlua5cuXfJ6aFVALeaelmzMCl6gz91zzjnHPP300w3erSkRWrFOQqCWAgSbtdS2UFZQr8LkyZNrfma6htFuuummXICpDztbSQGnvkT1ZL7ddts5X6rqmSEhkDUBjVxMnDjRWWVd7MzsTTfd1Oy3337O6mltcl7LpN/Ff/3rX3lFfv/9986Doo2kFfBuimIbn6BFNArKL730UnP66afbuARreeqBRD203oVT3sL00H/NNdc4D/QkBGopQLBZS20LZV1yySXOnC1viuIDOExV1XOpjYT14aVeE+9m82HeH9VrWrVq5Qz//eMf/+BDNCpU8olVQA9vZ599tjMa4N/mzFuxJJx9rYMmdJSiN2lkwkZAo4MtTjzxxFxR2lfT+/dyG01bA11xxRVm6dKlubfq/HLtZawewDSkTz/91Pz5z382r776qrNArFBiTn8aWjO7dSTYzEDbaq7VlClT8q7E1pnp+uLT8L3+KNjU3NEkJZ1J/Pvf/9706NHDypddkq61WF20T6IWiz3wwAPOnonqFdM8raZNm5pf/OIXzjQLPZQkea/AtFhHWc/58+ebl156ySiI9C668ZahBTvqodKcyy222CLK4ivKSz1pGmHxJlun1OjBUlMKlKp9qH7kkUecgN6/q8dTTz1l9tprr4osavkmTVXS57DOay/W6606bbzxxs7ngaYmkRCIQ4BgMw71iMsMmrsZ5VYgbnX14Xb++ec78zDLTW3atHG2YtH+fGuttZbRCknvB6SGC90eHD2BRxHEajGEhvi09YfmY9VDUhspWFGPj/4bJqV5AUSY60vDaxSwXXvttU7v1E8//RRY5e23397pwVKQpYeFpKSgYNPGnE3Z7LDDDrnL1jZv2o6okqRh5j/96U95q+a1ql7TFQ444IBKsrT+Hv1ua1X5W2+9VXCYPKgSenDRIqodd9zReh0pAIFCAgSbGbk3FMz5n9AVbET1AaNFCfrAKjak51KqzC233NIceuihTu+M/h52YY96S7WgQR+qWjWrgPTOO+90Vq9rxXqlW6poDpZW2WporHnz5pFt/pyk20fbwWhBQNjTX7x1184GWnShxVik8AJavVxN77ACtVtvvdU5yadQ0j178cUXJ7ZtNISuoXRv0hxO/f5HmfTAqGk7Snpg1dSdSuaFBj2caxqOFtScd955UVa54rx0P2g7K/Vijx071tlJoNS59N7C9HknLwWanINecTPwxggFCDYjxIwzK/9pGqqLzkvXh021ScGeJsoXm5PZokULoyHss846y1mgYKvnRT2g+hDWvnoaFtLf11xzzbIDrKhsqrWt9v0K/vXFpC/KanuD1Rs+YsQIZ/5rlEk92lowoocFJRsroqOsb9i83IUq2kFBp9eUm44++mijxXyFVjynZdVwUM+mAiR9FkSZvAuDlLfKKDcF7U/cunVrZ3Fj2AfisGXq99KbpzoDtJuARoY0HUAP1Ppd0J///Oc/RsP3GoXR6yoZPVK99Fk4evRoZ1s8lUFCICkCBJtJaYkq66E5mlqN6k0KNBVUVZMeeugh07dv34JzghSgaL7WnnvuWfX2I5XUU8GmeuMUeLq9rlpdqgn/L7zwQsF6Vzvfq5K6lnqPe9Zzs2bNzKRJk0quKlbbaKWyemqiSlG5qEdbvaxB9dMuAuopT2uPi4Ir9fIrgHZTOXOkg4Izf/s9/vjjiR3O9ddVow/+uYBRB5sKvNUD7KZKFgbp96RPnz4NRmfUMxv1qnO3F1Ybza9YscJ50Co1r7Ka3+GNNtrInHnmmc5cXm3IT0IgaQIEm0lrkSrqoyfkDz74IJeD5kXOnTu34hz14XjBBRcEBjP6UDv55JOdOZFJTgpGtWm1vmjUc6BheA1Naa5XUobMXD9t4+Ru0l+sV0s9hVOnTg384vS3hYLHgw8+2Kj3RgG4Fgdpr1MNc/oXlbnvrabXVz00qrs2HHd7MgvdH7ZWLNu8H4N6xvbee2+nt71UUttq8drs2bMLvlQPbhMmTCiVVeJ+rq3HNNTrpqi3X9P2Zm7PvX5/tSl9ucnbM6r3ujtYtG/fvtysir6+0ClEkRby/5lpIWSnTp2cY0SzMmJgw4k84xcg2Iy/DSKrQceOHRvM/dKiAz3NV5IK9cBoE2dtt5TGDzed4azpAPrCSlLSpthydZOGwtSjHJTCfJlpiPbYY491ejqCkjb+18NC0FxBPaSoV1JDcmGTu0NBOb2s6tnUquW0JPWmqffIPydWC00UhBZL6glVD5o3IPO+Xr3zmpeZlu12/Neqe8U7zUbbofXv3z+Spr3ooovM1Vdfnctr2LBhZT8oeud7uoGmFgnZ2JN0yZIlzrxwG0mfWx06dHDmwevktTR+BttwIc/kCxBsJr+NQtdQq4r9X3r6AvPvwxk2ww033LBBD4LmBg4aNChxwVrYa0rq63bffXfz/PPPO9UrFISpZ0xBaKENm/VePVi0a9cuVNCiuWF6GNGegv6kDa0vv/zyklwaytdehcUWuBTLpJLAoWSlLLxAQbSGWtWr7E9qt9122y2wVLWZttcp5KMeZwX91SwysnC5ZWepHnOd5OOmKOebatqFuzhGD0KaV1zO/Mqg3uhypj2UjWGM0RZW2hNUSb2wGl2p5HdEO3No9EiLGzlBrZKW4D1JESDYTEpLRFAPnQ/s78Ws9EM/aB6WqnjDDTeYnj17RlDb9GShLyv1KCjgUG+hereiTFoFriP43BS0FZECQ/XwFOo5dFetFurJLFZfzfHSdireFGZoWFMstHjM3fewUBn6klRPz+LFi/Omeej1nTt3LjicH6VxNXlpuoF6mbUjgj8Vm+OqQFobhhfaL1N56uEh7UkBtY7H1O4RbvrLX/5idOBEtUnTXYYOHZrLRvect5ezVP5Bn4m2A81CddLvmK5FQacW8Oih0V0gpBEXbb2kVf2afuL2WJYTVJey4OcIxClAsBmnfsRlBwWI+tDSnneVJP8cJ+WhVaCad6YVuFlMWgXq/tEiFm2v4k86Vziq4c6gNvNviK1Nm7XoKagHUnVTT6h6KCv9YvIPMbrXW2iVtAKoO+64w+mtKZTWXnttZ6hPQbT2LdQXqb5kNdXDm6q5P2tx/6nOeoALulbNldMJP0Ep6BhZ7+sUoGseYhaSet2ee+65vEvRCEih+7Wca15nnXWMAjE3aU5w2O259LuluYzeh4RKV7GXU2deiwACDQUINjN2V2gI1b9tRqWneagHr9Bqdk2q13ynNA//aU6q9ulTD4M7PBpmyxEdj6f5e1EkBTLqfXGTv1dTX5j6Ml+0aFFgcZVuu+PNbNq0aWb//fdvkL/2NPQuAJs5c6bzoKEhwmJJ1xA0nyxoDnDSezbVU6xjUP1Jw5vq5ffvJVmqB1pb22hVdRJO/oni/vXPp1SeURyLqMVsf/vb38yVV16Zq6bmvXp/V0rVX+/VlB83yXzevHml3sbPEUDAggDBpgXUOLPUFiT+LTYqPc1Dw4c6Es+/Wbz/+pJwPnMhc3eelFYL6/813KwtkbRNUqnV0oXyVECqYcNqU9BcMu+DQdApJ94yo9jaSvnJQhvp+5NOU1GwpS2ZtHJf/y2W9FoNexbq9Q4KNqtZ+V6tf6n3q5318OZPq666qhMw+s/k1v2l+ZnujgLe96k3TkPLlUxzKFXPOH6unlndD927d29QvAI89X5Xk/yL4LRyXIvawqaBAwcaTWPwpjTufhD2enkdAkkXINhMeguVUT+tIPaf6athSh3zpuGoSpICIs0r0wrLMEkBkL5YNYSqYUJt9G4z6Ytdp4loOFObGGtrIwVs6qnUv1W7t516Pn/44QdnUYIWQOgc+ihOZVJgogUn3kDeO8QXtEm/66g99bRyXXWKIqkOOoHKn1QHrTIuNRyq4WT18GnotFjSPFD1jnpTpXOKo7juUnkETSPRe7Sgx7vno/5NC6XUS+tP6pVWQKa2XX311UsVmZqf64EiaFs1TZnQHqHVJN2P6ml3f3c1JSNoYVahMjSP+IQTTsj7MUeyVtMivBeB6gUINqs3TEwOQZPhNWepklWQ3otSL4Mm5lcSuCnYdYeCFbipZ1E9ad75hVqgojl92phdiybUo7rrrrs68+TUG6HgTnPCNF9Lr1OPZBSBZFDDuedOa4qAvlA1H7JJkyaRtrHmgWqR1QMPPJCXr/Zf1HUH9Xh6Xxj1F6d6jDbddNMG16gvee98uSAEBaQKNMOcPa+gVHNPvUnDmkkcUtZDhX8f0nXXXdcMGDAgcOqIfzqE7nvNa9Wm3noYyko6//zznd0HgtJRRx3lTC3QoQTlJH0euFtnadrGrFmzzP3335/LQr3B6mUPk7RqXce2ej+rojqoIEz5vAYBBIIFCDYzdGcE7bN50kknOae4VJsUsOoLQT1T2rA77UnBlXrtjjvuOOdSajn3NOihQHXQghwNnStcvsqwAAAWq0lEQVSAC0oKerWiNeq99bRKvNx9RzUvTytrtal02LTZZps1WNFd6RSPsGVW8rqgRVs6flX3v3rugpL2mNROBfrdUG9tLe+nSq6xnPdo9EDzVrVrQtCCOeWlEQ0tBqvkVCiZ/vvf/w6skgLNq666yjmUIEzyfwaWO/wepgxegwAC5QsQbJZvlsh3FNroW3u8lRtIlLpAbUCu7UPUS1VqPmepvGr1c/Vu6I96etVTauvs9lLXo+FA9bz45z+6pzEFzYFTnvoS19CtrV0Agub6FroW1UHBRzlBb9Q7JZRyrubnQSvJ1dN25JFHVpNt6t6rB0z1YmqKQKGkqQFaNHbddddVdH0KZHVyVlBSr/Arr7wSOl/ta+mfR+vOOw6dCS9EAAErAgSbVlhrm6kWWfzxj39scOav7flwOvZQQ98KdHX8oXs2ua5eiyj+97//WYdQD5uCHw35qrdSc0Q1bKmh+aZNm4buEbFe0f8voNBDgXqgC61wV++MrdNO3OveeOONC65499poGFWrhMtNCk79i2M071RDzUlKmqrhn2eclf0wwzrr91i977pXgxY7uflE4VKsJ19TZ8o5StJ7MILqqMVq6hUlIYBA/AIEm/G3QVU10Be2ehqDkobPFcTUKrmLddTjpe1xNK9Scyz1haJFQ5r/p8UD3qBUdVOPo/7N3Rxai5E0d1H/pl5Z9eqph1bHBGroW3/Xf9N4okZQD6J7XnlQOymY1jGHNo7V85ZXap6o5uNNmjTJCeArSf7NuZVH1HNPK6mX/z1vv/222XrrrXP/rIcmHbsY1WKsKOpoMw/NI9ZRk6XOelcwqs+eakcIgrZq0/UV2uO10LX793DVwiydnFbp3rM2jckbgXoUINhMYau7c6i06Xih+ZNpmBTvLlyqly+EoK1/SvUAKzgvNE8wyltXi4Q0B1Obw7upUaNGZs8993R6H9XzWWnSQ4aCZv+K4rFjxzqrtJOU1FvnNXDrNmfOHGtTGJJy/aVOhNIpUPKJaj6qdo7Qzgr+pLmfo0aNKotFAbK2aXNTEh9kyrogXoxAxgQINlPSoAostaWP9v7TZtvFklb3KkgpZ05dShhSXc1y5kXqQuOYb6YjBzUPT72pUR1LWmjqgHquW7RokZg21d6R2j4rKEV1Ik5iLtZXEc11dM/yDqqjAlH1rkf5YBjUm961a1czefLkspl0hKU2mHdTXEdSll1x3oBAnQgQbCakobWAYsMNN3S2+3En5LubkGs+pIaQwyTtl6hAIcovhTDl8priAlptG7aHUlMOtCClkpW9SWwH7f2qPWC9SYtKbrrppkRVt9BemaqkNr2/+OKLS+4lmqgLClkZBZKF5uHusMMOzhnntjaj9+5lqtOVNAe8kqQHI+/9pC2YonpYqqQ+vAcBBPIFCDZjuCO04li9Pep5dPfg09C4PnjLnavkrb72BtRQaNizg2O49LotUu2ieYulkjbC1xel7TmapeoR1c/1kKR5u+ox9aYkDktrR4Bix5Aq4NTQb5ZSoTnf+mzSVk46OSrq3Sy8ftoySsPmut81L7jS5N/yiGH0SiV5HwJ2BAg27bgWzNU/tyiK4jUZXh+uBx54YBTZkYcFgaA9UP3FqOdTvUhZ6pXWdA7/famdAoqtcrbAHypL/4lBu+22m9FG+96k1c1aIZ32NtICH8291B6rQfehejqjOCkrFHwEL9JiRG0p5iYt6PLO4YygCLJAAIEqBAg2q8Cr5K06Rk3HqVWbtOBCPZjqFai3/f+qtYvj/aWCTR3PpwcGLcjJUtI8Os2n86ajjz7a2aczScm/BY/mrWpLMR0p6t/CK4ojGeO6dgVhEyZMCAz2FZxpJf4ZZ5wRV/UqLte/+I6ezYopeSMCVgQINq2wFs5UK3MLnVMeNIyu4SxNmteXgHqE2rZt62wDlJX5fDXmj624YouDNEyp4w6jWuUb20UGFBy0tU0Sh9D9wabOOddxlUHBsi6zmhNzat0+mvutILPYwsJK90+t9bUUKu/ll182O+20U+7H2ntX9xkJAQSSIUCwGVM7aCWmju/TnE0FG/qjxT3vvvtubh/KtA/VxUSbyGL9+wC6ldTDhPYD1Ny5rCVtIaStcrxJD1rLli1L3KX6h9Dd1cwaZtbCE+9KZ7fyGlnQJvBxJ3c/WgWTstW8X50Rrs8Y9couWrSoYBXVPocddljeEHTc11Np+f42VM+0HgpICCAQvwDBZvxtQA3qRMC/vYyG+k455ZTMblG19957m5kzZ+a1ruY8hlkoVctbQoGZRgy8ybtQTw8KCjaff/75wGrp4ASNPlSzwCXM9bq7UzRu3NhZvKODDTRSoj1Sly5dGiaL3Gt02paCUZ0ylpU0YMAAM3LkyILtmJXr5DoQSKMAwWYaW406p1pAX/JZHDL3Nop/WNP9WRL3P/Tv91joGM1ie1HqFCgF1xp6rzYp+FWP6dy5c40CTP1daeHChVVlrdET9WJquFlzvbOY/L2b2rJJDzitW7fO4uVyTQikRoBgMzVNRUURSI/A8OHDjeYBepM7DzJpV6G50G+99VauWsUWlwQdu+m9Hg1hK/DUlk8333yzs+VToV0idDTm3Xffbd5//33z9ddfG20qH9U8Q/coV+3dq3TwwQenfgV9mPtGPZvq4fQnzR2+4oorjBbqqWeYhAACtRUg2KytN6UhUBcCQafDKPhK2rCt5kjrxC03NWnSxGjvx2JJvbZaYX/XXXeFbkvNHdQpYJqn3aFDB2ceaNiDGgoVovmvGg73briuXQ3Ui6fdKuo19e7d22jBV1Dab7/9zHHHHeds+O7vBa1XL64bgVoIEGzWQpkyEKgzAZ0E493Gadddd22wZ2USSCZNmmQ059JNYXtftRDn2WefNc8995yzZZXtpCBYvZUKlA4//HDnnHkWEAarv/fee8759v75m95XN2rUyJn3qqkR6vUlIYCAXQGCTbu+5I5A3QrolCz9Uc+hgjgdPpC05O8F0x6Up512WtnV1Lni6vEcNmxY2e8t9gYFsvvss4/ZfffdjQJOUngB3XvqwQyz+4Hmsuq4zPXWW89p/6ZNm4YviFcigEBJAYLNkkS8AAEEsigQtAo9igVMWrU+depU88gjjziLe7RSXL2SCxYsKMi4xhprONufKThSYKnAp9B+vFlsC1vXpK2ftOBLJ1mVs2Jf7aG5t3pAUjsony233NK0bNnSmaLQqlUrZ4spTbnQf7OStCBNPea6b3XMrO5J/duMGTOcS9Q0EO28oKCchEA5AgSb5WjxWgQQyIyAf8N2zX285557rF2fgs2vvvrKOQbS/X/9XQc0aNEKX+DW6M0nn3zinAil09vmz58fWUGa99msWTNnj2Qd3LDqqquan376yWhTefXof/nll87f9bCh12hLLfdEKv2/Xq8/q622mtNzrf8qgNVrFNQuWbLEmVvaokULZzcC5aNAUPNyP/30U+d1um+WL1/u3FPuMbDuASEqQ3vFvvnmm7lylI+mEWgxmspTUKn7UOmzzz5z6v7iiy86/14oQPduDRYZJhllWoBgM9PNy8UhgEAhAS3UmTVrVu7HSVzAROtFL/DCCy+YiRMnmhtvvNF8//330RdgIUcdn6qdDRQk/vzzzxZKKC9LnWKnXk8SAmEFCDbDSvE6BBDIjIBWk/tPBaK3JjPNG+pCfvjhB2eBlxazPf30084fLbyq16SeVQXfOhlLga16ZhXYqrdUp1RpeF09q5pDnLRdJeq1zdJ03QSbaWot6ooAApEIXHnllWbQoEG5vLQq+bbbboskbzJJr8BLL73k7HmqpH1PNRytIOy1117LXZSmQbz++utOIKagTKvf3SNBNeytn0X94LLddts5Q/Iaip83b54zZK9hdAV/xZLq3r59+9w2T7qerbfe2hl+32ijjXJvVc+p5go/9dRT7HKQ3ts30TUn2Ex081A5BBCIWkA9Nfry9qbZs2cbbc9EQiAKAQWq/rmhmjeqIM8NRLXYSPM1/UkLjrQYiYRAlgQINrPUmlwLAgiUFPCfoX3IIYeYhx9+uOT7eAECCCCAQGUCBJuVufEuBBBIqYB6Nd1Vu7qEBx980NkonYQAAgggYEeAYNOOK7kigEACBQYOHJi38bq2eYnqPPIEXi5VQgABBBIhQLCZiGagEgggYFsgaBN3ejVtq5M/AgggYAzBJncBAgjUhcDJJ5+ct+Jcm6lr5TAJAQQQQMCuAMGmXV9yRwCBhAho9a9WBLtJG7on8bz2hHBRDQQQQCAyAYLNyCjJCAEEkirQr18/M2bMmFz1NFdT5z2vtdZaSa0y9UIAAQQyI0CwmZmm5EIQQCBI4MknnzQdO3bM+9Grr75qtt9+e8AQQAABBGogQLBZA2SKQACB+ATatWtnXnzxxVwF+vbta0aPHh1fhSgZAQQQqDMBgs06a3AuF4F6EhgyZIi57LLLcpeseZsfffRRPRFwrQgggEDsAgSbsTcBFUAAARsCjz76qDn44IPzsh4/frzp1auXjeLIEwEEEECggADBJrcGAghkUsC/KGjvvfd2FgWREEAAAQRqK0CwWVtvSkMAgRoIjBw50ugMdG/68ssvTbNmzWpQOkUggAACCHgFCDa5HxBAIFMC9957r+nevXveNU2fPt3su+++mbpOLgYBBBBIiwDBZlpainoigEBJAQWavXv3NkuXLs29tnPnzmbKlCkl38sLEEAAAQTsCBBs2nElVwQQiEFgv/32M+rF9KZ58+aZLbbYIobaUCQCCCCAgAQINrkPEEAgEwKnnXaaueWWW/Ku5eabbzannnpqJq6Pi0AAAQTSKkCwmdaWo94IIJATCDolqFOnTuaxxx5DCQEEEEAgZgGCzZgbgOIRQKA6gQULFphjjjkm75SgNddc0yxfvry6jHk3AggggEAkAgSbkTCSCQIIxCXQp08fM27cuFzxOiVo6tSpZtttt42rSpSLAAIIIOARINjkdkAAgdQK3HjjjeaMM87Iq//AgQPN0KFDU3tNVBwBBBDImgDBZtZalOtBoE4E3njjDdOxY0fzxRdf5K5Yi4G0KIiEAAIIIJAcAYLN5LQFNUEAgZACWhCkofKrr77aeUfjxo2dHs6xY8eGzIGXIYAAAgjUSoBgs1bSlIMAApEIzJ8/3wwaNMhoA3c3TZo0yfTo0SOS/MkEAQQQQCBaAYLNaD3JDQEELAucd955ZsSIEblS9P/nnnuu5VLJHgEEEECgUgGCzUrleB8CCNRcwH/uea9evcz48eNrXg8KRAABBBAIL0CwGd6KVyKAQIwCTzzxhNFG7W7aaKONzMyZMzmKMsY2oWgEEEAgjADBZhglXoMAArEKqEdzyJAhRivQ3XTZZZeZwYMHx1ovCkcAAQQQKC1AsFnaiFcggECMAsuWLTPt2rUz8+bNI9CMsR0oGgEEEKhUgGCzUjnehwACNRFQj6Z6Md3UrVs3c88999SkbApBAAEEEKhegGCzekNyQAABSwIKNLV3prtx+zbbbOP8fd9997VUItkigAACCEQtQLAZtSj5IYBAZAJt27Y177zzjpOfzjxXoNmlS5fI8icjBBBAAAH7AgSb9o0pAQEEKhC48MIL884458zzChB5CwIIIJAAAYLNBDQCVUAAgXyBhQsXmp133tl89tlnzg80bD59+nSYEEAAAQRSKECwmcJGo8oIZF3Avyho8uTJpmvXrlm/bK4PAQQQyKQAwWYmm5WLQiC9Av5Tgvr27WtGjx6d3gui5ggggECdCxBs1vkNwOUjkDSBI444wkyZMsWp1iabbGJee+0106xZs6RVk/oggAACCIQUINgMCcXLEEDAvsC4cePMgAEDzA8//OAUpv00ta8mCQEEEEAgvQIEm+ltO2qOQKYEFixYYM466yzzyCOPONfVqlUr53jKddZZJ1PXycUggAAC9SZAsFlvLc71IpBQgf79++fNzZw0aZLp0aNHQmtLtRBAAAEEwgoQbIaV4nUIIGBVQPMyly5d6pTRuXPn3LxNq4WSOQIIIICAdQGCTevEFIAAAqUETj/9dDNhwoTcy7SnJkdSllLj5wgggEA6BAg209FO1BKBzAlojqb205w6dapZtGhR7vqOOeYYo+2PSAgggAAC2RAg2MxGO3IVCKRK4OOPPzY77bSTWbx4cV69dWrQrFmzzBprrJGq66GyCCCAAAKFBQg2uTsQQKDmAv369TNjxoxpUO7ll19uLr300prXhwIRQAABBOwJEGzasyVnBBAoILDlllua+fPnN/jpiBEjzLnnnosbAggggECGBAg2M9SYXAoCaRDo3bu3uf766xtUtUmTJua7775LwyVQRwQQQACBMgQINsvA4qUIIFCdgOZqarP2oMQK9OpseTcCCCCQVAGCzaS2DPVCIKMCzZs3N0uWLMm7upEjR5pzzjkno1fMZSGAAAL1LUCwWd/tz9UjUHOB22+/3Zx44ol55a5cubLm9aBABBBAAIHaCBBs1saZUhBAwCOwbNkyM2DAAHPQQQeZbt26YYMAAgggkGEBgs0MNy6XhgACCCCAAAIIxC1AsBl3C1A+AggggAACCCCQYQGCzQw3LpeGAAIIIIAAAgjELUCwGXcLUD4CCCCAAAIIIJBhAYLNDDcul4YAAggggAACCMQtQLAZdwtQPgIIIIAAAgggkGEBgs0MNy6XhgACCCCAAAIIxC1AsBl3C1A+AggggAACCCCQYQGCzQw3LpeGAAIIIIAAAgjELUCwGXcLUD4CCCCAAAIIIJBhAYLNDDcul4YAAggggAACCMQtQLAZdwtQPgIIIIAAAgggkGEBgs0MNy6XhgACCCCAAAIIxC1AsBl3C1A+AggggAACCCCQYQGCzQw3LpeGAAIIIIAAAgjELUCwGXcLUD4CCCCAAAIIIJBhAYLNDDcul4YAAggggAACCMQtQLAZdwtQPgIIIIAAAgggkGEBgs0MNy6XhgACCCCAAAIIxC1AsBl3C1A+AggggAACCCCQYQGCzQw3LpeGAAIIIIAAAgjELUCwGXcLUD4CCCCAAAIIIJBhAYLNDDcul4YAAggggAACCMQtQLAZdwtQPgIIIIAAAgggkGEBgs0MNy6XhgACCCCAAAIIxC1AsBl3C1A+AggggAACCCCQYQGCzQw3LpeGAAIIIIAAAgjELUCwGXcLUD4CCCCAAAIIIJBhAYLNDDcul4YAAggggAACCMQtQLAZdwtQPgIIIIAAAgggkGEBgs0MNy6XhgACCCCAAAIIxC1AsBl3C1A+AggggAACCCCQYQGCzQw3LpeGAAIIIIAAAgjELUCwGXcLUD4CCCCAAAIIIJBhAYLNDDcul4YAAggggAACCMQtQLAZdwtQPgIIIIAAAgggkGEBgs0MNy6XhgACCCCAAAIIxC1AsBl3C1A+AggggAACCCCQYQGCzQw3LpeGAAIIIIAAAgjELUCwGXcLUD4CCCCAAAIIIJBhAYLNDDcul4YAAggggAACCMQtQLAZdwtQPgIIIIAAAgggkGEBgs0MNy6XhgACCCCAAAIIxC1AsBl3C1A+AggggAACCCCQYQGCzQw3LpeGAAIIIIAAAgjELUCwGXcLUD4CCCCAAAIIIJBhAYLNDDcul4YAAggggAACCMQtQLAZdwtQPgIIIIAAAgggkGEBgs0MNy6XhgACCCCAAAIIxC1AsBl3C1A+AggggAACCCCQYQGCzQw3LpeGAAIIIIAAAgjELUCwGXcLUD4CCCCAAAIIIJBhAYLNDDcul4YAAggggAACCMQt8H8J6QQAmUOgLgAAAABJRU5ErkJggg=='),
(3, 10000002, 'tech2', 'Joe', 'CMO', 'tech@mail.com', '12345678', 'Technical Staff', 'Supervisor', 2, 'Activated', NULL),
(4, 19140284, 'yumol', 'Ruthello John', 'Yumol', 'yumol.ruthellojohn157@gmail.com', '12345678', 'Administrator', 'Administrator', 3, 'Activated', NULL);
INSERT INTO `tbuseraccounts` (`user_id`, `user_idnum`, `user_password`, `user_fname`, `user_lname`, `user_email`, `user_contact`, `user_type`, `user_position`, `dept_id`, `user_status`, `user_sign`) VALUES
(5, 20200754, 'josepulmones', 'Jose Ma.', 'Pulmones Jr.', '21jmpulmones@gmail.com', '09150411484', 'Technical Staff', 'Supervisor', 3, 'Activated', '/9j/4AAQSkZJRgABAQAAAQABAAD/2wCEAAcHBwcIBwgJCQgMDAsMDBEQDg4QERoSFBIUEhonGB0YGB0YJyMqIiAiKiM+MSsrMT5IPDk8SFdOTldtaG2Pj8ABBwcHBwgHCAkJCAwMCwwMERAODhARGhIUEhQSGicYHRgYHRgnIyoiICIqIz4xKysxPkg8OTxIV05OV21obY+PwP/CABEIA4IB0AMBIgACEQEDEQH/xAAxAAEAAgMBAQAAAAAAAAAAAAAABQYBAwQCBwEBAAMBAAAAAAAAAAAAAAAAAAECAwT/2gAMAwEAAhADEAAAArIAAAAAAAAAAAAAAAAAAAAeT00eDqaNp6AAAAAAAAAAAAAAAAAAAAAAANZsQsGWqKrfkk+PHYR+JvaQG2W5DMvWtJ9F90S2ncAAAAAAAAAAAAAAAAAAABjmqxMV7k6Dm3WGbKxMyg17AAA1wk+Pne2zVIvvTTriAAAAAAAAAAAAAAAAADBmH4q8bdW+0kXZNwAAAAAAVK28RRrpTJgtoAAAAAAAAAAAAAAABrM1XVFCR6LUaukAAAAAAAAKRzTlcPonuPkAAAAAAAAAAAAAAAeTzUPUSJ7NoMZAAAAAAAAACKpl9ohaZ2r2gAAAAAAAAAAAAAAVfuqRid57iZyAAAAAAAAAAGugfQqASNvpV1AAAAAAAAAAAAAHH1Us49nPcTt6AAAAAAAAAAAAxQr7RDZeKNeQAAAAAAAAAAAAcBF1rZ1klZ9ewAAAAAAAAAAAAxRL3Qz3eqNeQAAAAAAAAAAADxS5Wsnu6xVlAAAAAAAAAAAAAMUG+0A67tTLmAAAAAAAAAAAOLsphwdPJciQ9gAPB7QUGXDmpnktmmsZLDiAFkkKUPo2aLZyTAAAABroF7oRLW+q2oAAAAAAAAAAGgiqp0ZJS1adwAI821LRpPHROWAq/dPCK39w5c9I4IqyD575u9LLXLUO9HoAAAHHRLtSSxWWv2AAAAAAAAAAAVabpB5tsJdDIByGqnetYtnqVAAAAAFasscUm7UmyliAAABE022VMt01FygAAAAAAAAAIwgYvEwT0gAHimS9WPVu4bMAAAAAANO4fPJPi2F5AAABXa1PQZdu/m6QAAAAAAAABTLHST1eK7bgBq214gfXJaya9gAAAAAABSNHRzF+zjIAABTo7q1F52YyAAAAAAAADmK1D++8sveAGui2KpnVeoKwgAAAAAAA8FJ1+OsumQAAefWgo/Twy5bQAAAAAAAAK5YqIclwrF6NgGMxRW+fTYCxbQMRJL89S4C9dPzqWLgxkAAAcfZClTnq/byZAAAjpGCKrZazciWAAAAAAAABGUuchCwWbh7gBTLLSDN5rdvHj1UhDJkipSz9BTIu60kusnAzwAAAqdrohzXum3wAAAVW1Uc4r3S76ZAAAAAAAA8e4oqm/hspYgDnK5CbOss0jjWQ9V6MkjbNe0AjaTcqaWqehZoAAA5KJaKqTtriJcAAA1UG5UklblXbEAAAAAAAAKpaaGc96qN6AFesFEOO3Vq9myuz1EOa2V+9HoAEFVLFXy5yfH2AAA0lTjs9xbd4AAAV6syscXCT07gAAAAAAACPpFkrZYbNGyQBFU2YiSwWXk6yFqMvGFksHP0AAwU+N3ey67QAAQ8xUCGtVYvh0gAAePfCU7oj7CWYAAAAAAAA1FO5Md5b9gOfogStd8Xbia8e+cpHRwzRawAObpiSoTEJaydAABpodoqJJ3WBngAABAT9OIi51G+m4AAAAAAACOkYAq9lrN0JQCk2yiHu+Ve3Di7Y8pFjrlnLAABWLPSDgvFOvh7AAOUq0fiTLR0gAABrodvpJI3at2QAAAAAAAAVO2Ug4b7SL6egV+ryXIWqX1bRHyHCUaz1iyliABpoVwpZK3KvWEAAV2w0U47hV74ewAAAVuuSHMW6S17AAAAAAAADzQrzQTtu9Rtw0b4kqUlEWongOLt5ShWOuzxaAAVytyfCXGR17AACMpczEE9Z+LtAAAGjfDlTk4i1k6AAAAAAAADjot0pRYbNAT4q9oo5w3mm3w9gad3k+ey8Z1l1A1bYwqHdGWUsTzg9gc/RXyud0ZbyZAAAAqVroRpvdQvIAAAAAAAABEU62VMt8zFyhqoVypBK3Kt2QAAo+mThT6Jnl6hWbNRjhnYEdfnzpLvIVe0GKLZqadF7rtmAAAAI6k2GvFissdIgAAAAAAAAFfrFmrJdpGPkCCqk9CFwleXqAAIWo3+iFqmqfbjmoktDGZj3bDkpF+oJKW+n95Gxvj2Xrr5eUlNFUjS4KWPoe35/ayVOMqOvnmy0+gAAAAAAAAArtastaLx3x/aUzmx1Fz9gAAplziioTMHgbNUoW3oDkolrqR0aPIe/Ako/M0Q8nZ+ogvM+Pn3uWgT6HAylVI65VS+G0AAAAAAAAAFfrFpqpd+nl9FKmoOyliAAA0b6wQenOw12itXo6zgK7D+/BnAO7inCZk9ewAHkqcTu2Fmp1irZM26JlgAAAAAAAAACDqdvqBdPDSVS3VG6EoAAYOKkSMcdWiar5IXivWE8UmUrhgAyYzLRRZrDWLOAImVpRHWGCtJAaNM4WbYAAAAAAAAAAETTbtSS3aPeord3pF4O8ACHlaOcc5E20gY1IlojueumPLYNfvwJzgu5HU2wQBaJ/g7weCKqHXqJfM3Tjnu1WvJkAAAAAAAAAAHBR75RCyNfSVW70e6kmAaiFq3UJzXNUs5+/gGfPryZ3efJ495sJJ93uFK1s4rOWDIK3L0k1WWA6Ceqfr2WKw8/QAAAAAAAAAAAaKD9BoJLy0HZihWyqzpaQIGdopxWmv3Iiqz0cw7VkKl59dhp5/UgTsxjJik2GnG29V60jGYMiIpg9eQTcNdSSAAAAAAAAAAABig3+jHq50a9lB6dscfQ2jeRlLm4Un89lVNW/Xbjq7ciNr9hpQucDcDPj1WCM0aZssfVgc1I7YoMjDZrO67fPpUuIAAAAAAAAAAAFNuVXIW//PL2cFR+jUw7rH88lDj28XSdUVnvJOzavJv8xsQckf5Fj0wXs6ePt6CJ22PrNkRsrhjINmsZ8smJaNuhIgAAAAAAAAAAAQc5wFGuVOsZZNO4UyL+jVIhDJjq9ZMaOvrIXHbxnqUlZ0gpLrACE3088YxkYbDxjv4TGcSp3Wbx7AAAAAAAAAAAAGvYPnvdjjPoLXsFPsFKNczzXU95BwdtMI/vj5ws2mpcJa+Gv+iU5+XUbNYCRNFm74YhOTOw3XbmkQAAAAAAAAAAAAACuVu70gu3fW95Dceuxkv3AOA4apu0GW+fICVs+0h+vtr5GxGdpqx0+CRt3jectHk4Uzao+3AAAAAAAAAAAAAAAGKFfqsRXnnHXeIedBXjpquvwZm/FwNG8AOSjXComux++cgpWIuRKw0jRjR1c1pJXopfWWoAAAAAAAAAAAAAACOkYopm/RuL7s566bK/gY6dFuJDpAABo3jko8tCnfdYzURMPnBvxpDq5bAWb2AAAAAAAAAAAAAACp2uhHK6dRv5MbDzhKnVafHsAAARkhSDjlIyVJuo+fBjZJ8Bow9nReY6WAAAAAAAAAAAAAAAOWiXWjnvw2GrId9z4JUAAAEeRVc2ajZ4wMy/HsEfnBmf4LqezkOtGyJkAAAAAAAAAAAAAhjirnsYZkTk032EIy6fO5otrGQADXSZCAGffs0+/Hs38rJ56NVuOzo5KoSMJ4yLnTLud4AAAAAAAAAAAB4OWldfCb7frkzi7MhjIqMN9Fqprs9B2H0NT5MnYJVjzt1yhrjvXge93eRurMgSHTwQpsx0Wsh4WagTvu8PMgAAAAAAAAAAACuS1INdji7sewAAARUBdB8713KoGtnuOHHr0YnJSTI2p9kYbenm1mJbps5q5+2mEfIR92O7IAAAAAAAAAAACJIOLxNk1JAAAAA5dtMNXG6TpxjhFp0WUQEvRjQx7MWL3YgcpF1bdsJW0atoAAAAAAAAAAABij2Com28QdmAAAAHn1WTkh8j30atJme82oZCuVm1QJzWjbMgGKdK1UzcIq1gAAAAAAAAAAADGY0rPLqniw9AAAADjOKpbNA94wJtazOQAefQAcnXTiP2c1wJHaAAAAAAAAAAAACp2mhGm81S8AAAAHml2ejnnOMiczahkAAABzkbUugSds0bwAAAAAAAAAAAACMpdkrZZLHHSIAAAOYUnojzE/6swyAAAACpTNNMW2IuIAAAAAAAAAAAAABT4zs0F524yAACGOuo6fJ5se6dAAAAAHn1CEFya7CTXYAAAAAAAAAAAAAAFI55OGPomeXqBgzpja0ScHiVOK2dfQAAAAADjiVU38GfWvEFZL84WzAAAAAAAAAAAAAAiKf9GpBI2L57sLbARm017pexEVOZAAAAAACOkcReA5u7Vn1YsPP0XwC2IAAAAAAAAAAAAADl6hU9dwFfl+kAAAAAAAAAAAAAAAAAAAAAAAAAAAAAAAAAAAAAAAAAAAAAAAAAAAAAAAAAAAAAAAAAAAAAAAAAAAAAAAAAAAf/xAAC/9oADAMBAAIAAwAAACEAAAAAAAAAAAAAAAAAAAAAwAAAAAAAAAAAAAAAAAAAAAAAAQTDDiSwQAAAAAAAAAAAAAAAAAAAAiCCCAAABgAAAAAAAAAAAAAAAAAABzSAAAAAABRAAAAAAAAAAAAAAAAAAgQAAAAAAAAAQgAAAAAAAAAAAAAACggAAAAAAAAABigAAAAAAAAAAAAAATCAAAAAAAAAAAAgAAAAAAAAAAAABSwAAAAAAAAAAADiAAAAAAAAAAAAATigAAAAAAAAAAADygAAAAAAAAAAACTAAAAAAAAAAAAABQAAAAAAAAAAABRQAAQTigSAAAAAAAAAAAAAAAAAAASCAARDgDAAAQQAAABAgAAAAAAAAAAwwADgAAAAABQAAAABQAAAAAAAAAAQQACSgAAAAABBgAAAACgAAAAAAAABwgAQgAAAAAAAAiAAACCAAAAAAAAATAABygAAAAAAARQAABQQAAAAAAAABQwABQAhxwgAABAwAABRwAAAAAAAADSgABggSgQgAABggAAAAAAAAAAAAATAASQgRgBSgAAByAAABCAAAAAAAAAiABSwyAABAAAAACAAACygAAAAAAABAACQBSgABiAAACgAAAAgAAAAAAAADQBRhQgAADwAABQgAAADAAAAAAAAAAwADBTAABBAAAQSAAACwAAAAAAAAADgBihQQADCgABwwAAACiAAAAAAAADygBwBCwAASAABiAAAADwAAAAAAAAAChRQBRQBCAABDgAAABQAAAAAAAAABwCggAAigARgABgAAADwAAAAAAAAACAjAAABiDRggyyBSywSiAAAAAAAAACgwyAAACCwAjzzzBAhDgAAAAAAAAAATyQAABBxABRySgACACAAAAAAAAAADTSwAARiwDjziygAQBAAAAAAAAAAADRwwAAgASjjyxSgCjiQAAAAAAAAAAAjRgARRDxQyATiBixiAAAAAAAAAAABgiwAzASADgCRhQxzwAAAAAAAAAAADDzghwjBDQQSCDzjzAAAAAAAAAAAABARggBAhiigDgzwDyAAAAAAAAAAAABTxCjiijTBAAijxDggAAAAAAAAAAAADQgygAiChxzzjRSAAAAAAAAAAAAAAAwDwATTgABjyiSAAAAAAAAAAAAAAABQBACwAAATiBzjQAAAAAAAAAAAAAAATSgjgAAADyzTyiAAAAAAAAAAAAAAAQjyigAAAzzThiAAAAAAAAAAAAAAACySTAAAACQwRRgAwAAAAAAAAAAAAADgTRAgADTiAjwSDQAAAAAAAAAAAAAQCBADgQSCSzzxCBgAAAAAAAAAAAAzQAAABCDBSSyDBiwAAAAAAAAAAAABwAAAABhyDgTjgASgAAAAAAAAAAAAhgAAABTQQSDCgCBAAAAAAAAAAAABDgAAAAAzTyAAABBSAAAAAAAAAAAAASAAAAAyyCAAAAAAAAAAAAAAAAAAACAgAAASCyAAAABhAAAAAAAAAAAAAABCgAABhgAAAABQCAAAAAAAAAAAAAADCgRwSAAAAAAf9oAAAAAAAAAAAAAACSAjwAAAAAAATagAAAAAAAAAAAAAABBAAAAAAAAAAAAAAAAAAAAAAAAAAAAAAAAAAAAAAAAAAAAAAAAAAAAAAAAAAAAAAAAAAAAAAAAAAAAAAAAAAAAD/8QAMBAAAQMEAAYBBAIDAAIDAAAAAQACAwQFERIQEyAhMUAwIiMzQTJCFDRQFSRDYID/2gAIAQEAAQcC/wDsbpmBf5cIX+dAhWQlNmjP/SLgFLXQRqa8hSXSdydVSuXNet3LmPTaqVqiuk7VBeGntFPHIP8AmvlYwKouzGdprlNInSOcsEplPK5Mtk7k2zSL/wAI5Os0ifa52p9PIxdwqaskhcqOtZM3/lOe1oVVdWM7TVkspXcqOCR6gtEjlDaoWJlPG1Y6MJ9NG9VlpGCZI3RuxTVDong0lSJowf8Aj1NZHCFV3F8pRJKhpZJSqa0DzFSxR/HcqEPaXOaWnFsqjHIA05Gf+IThVtybH2mqHyuy1jnFUdqLsGKnjiHykZV1pdH7NOrlbKjmRD/iPeGjNfc/LXPLioKZ8rsUdtZEAQMfPXwcyEqRuriLTPrJr/wpJWxtzX3EyEt7kqjoHzFU1JHC30XDIKuMWkxVM/SVpgftGD/wJpmxNzXV7pXEdyVQW50h2iiZG3HpXqLvs3sVbX7QD/gSytiaTXVzpnEAElW+3bYexjWDHp3ZmYV+1Zn/AEY96SRrGk3CuMriO5Kt1u2w9rQ0erXtzA5P/kVZXfUR7pOArnXbHTyVbaDc7taGjHq1IzE5TD7jlaD973rnW6N0c4uKt9GZngxxiNoHrTfjKqvyuVrP3x7tZUiGMqeYyvJpad0zwKaBsMYHryfxKrPzOVt/O1Dx7cjwxpNwqzNIUxhe7FuoxEzPsP8A4lV353K3/nam+Pbutb/TyVa6LP1+y7+JVd+dyt/52pvj2q+qEMZUshe4mhpjNIFFGI2Aey/+JVb+dyt352oePZkeGNJr6ozSFRsL3AW+kEUY9uTswqr/ADOVs/O1D2brWf08lWqj/v7c343Kp/K5WoffHs1tSIYyppDI8mhpjNIFDGI2AdRe0J1XC1PusATrzEjegjeiv/NOTL0orpC5MlY/5Kn8TlN+RytA+97D3BrSbjVGWQhjS5wFupRFHnpfKxgVTd2t7S3CZ6Mrysld1qVo5aOWCskKCuliKo7iyXt8VWfsvUn8yrMPuexdavRuhOSrVR7O3HbpqqxkLVVV0kxXcqOllkUVnkKZZWJtpgCFtgX+DAv8GBPtkDlUWf8AcsD4ziORzHZt1bzW4+Gv7QOTv5FWUdz69RMIoyaqYyyE0sBlkAp4RFGB0Vla2BqqKh8riWMc84o7V4dHBGwfDWUTJmlVEJieRRzGOUKJ+zAfguZxTlHyrKPpPr3Wr2doBkq1UmjN+itrGwtU87pXExROkdiht7YgHfHeYO+w7FWyXeEfDdz9lftWcfa9avqRFEVI8vcTbqXmyBMaGtA41dS2FhNTUOmeTFE6RwFBQNiaD8lzj2gKPlWWTyPgvJ+2F+1aR9geq44CudTzJCGNLnAW+mEUQ6JHhjSa+rM0hTGF7sW6hEbQ75aluYXCYYkKtD8TfDe3eE3yrcMU7fVuVRyoiHHZytVLu/Ydui7VeBp5KtVFn6/mk/iVWtxM5W92J2oePgvTvrUf8gqIYgb6hOArnUcyUiJm7wKGDlRDoqJRHGTVSmSQmjgMsoEEQjYB8x8K5D77lR/maov4D4Ls7M5UAzI1U4xG31LhPyoSnu2cTaqbeTbou9TgaeSrTTat3+cq5/nKpfzNUX8B1nwri7M7lRjMzUzs0epdqjeTVjdnAW+DlQjomeGMJq5jJKTSQmWUCGMMYB87vCuBzO5UQzM1M7NHXL2YVVHMzlbG5nah6dZNy4nGZ+7ybZBzJQmjA6LvU6s08lWimwN/QmOsblUu2lcrYzM4Q66t2IXKU5eVZ2Zlz6d4n/oO5Vqg0i24yP1aTXz82UqnjMkgFNEI42jiSAnVULUK+Apr2uHxV79YHJ5y4qzR/XnruT9YCj5VlZ5PpSv1aTWy8yZypIuZK0RM0YBxulRy4sE5Ks9Pk78HODQqm6Rx9p7nNIjK8rdyoa97HgRvDmg/BeJMR4/as8eIs9d5fhmP2rSzEPp3ObSEpxyVZ4O+/EnAVzqOZKREzd4FFDyogFLK2Nua64ukJBJKZA96htEr1WW51OMg4Ktcu8Pw3iXMmIxlwVEzSBvwXmTMmIxlwVEzWBvp3efZ+rBlwVvi5cI6K+blQlPds4m1U+8mye8Mbm41xkcW9yVQ20y/VDSRRjhdR9go+VZT9B+CR2GlVsm8zlQx7zNUYw0dbvCuL9p3KkbtM1RDDB6U79Y3Gqk3lcbfFzJmpgw0dF3qNn6tGXK2wcuEcLrV6jQnJVtoeYdmMDBjhdP9co+VZf4H4K+TSByecuKs8WX7ddS7WJxndtI5WqPaYendJtIcHuVZof78amXlxOM8m8hNug5kwTBgBVEojjJqpjLITSQGWQCnhEcYHG7u+yv2rOPtfBeJcM1/atMWsWeu5yawFHuVZY/LvSvE2X6sGXBUEWkLei8VHbTyVaafVmyu9T/TyVaaXVu/ReXfQAPKtQxAPgusu8xULdpAKVmkTR13mTsGjyrXHrAPSldqwqrk3lcaCLeZqYMNHGV+rCa2bmSuVJFzJWiGPSMCeTSMmqlMkpNHCZZQIYwxgHRendwGfyCoBrA3rqX6ROM79pCbZFvMEPHwXWTaYqBu0jRTM1iaPRuMukBTjkqzQ99uN0n0iwTkqz0/fdXefVmvkqz0+Bv03Z+ZioBmRqpxiJvXdptYseSrPDhu3XKdWE1T9pXG3R7ztQ8eleZf6juVbItIB0XWfeXEbdnAUMPLhbwusu0xELdngUkekTR0P7NKrX7TOVAzadqaMNHXdpt5cRN2eBRRaQtHXcZNIHJxy5WaLvt6J8K5ybzlUzNpWiFusbRwqpOXE4zP3eTbIOZMEBgKU4YVVu2lcrazadqHjprH6QuUhy8qzx5lz1VD9InGofvITbYd5ggMD4LzL9IaPKtUesOfRqHaxOM7tpHG1R7TDovE+G6eSrRBrHsqx2IXKQ5eVZm/cz03aTWHH7Vnjwzbqu8+sevkqzwYbt8F1l2mIhbtIBSs0iaPRub9YCj5Vlj8u4OOArlNzJiqdm8gFOzSJoVx7U7k7+Sso89V5k+rVoy4K3s0gb1HsFdJ95ioWbvApY+XC0dcztY3GpftK422PecIePSvL/pAHlWpmsA410ukLlI7ZxNph2lzwuX+u5HyrJ4PSewVxk3ncqVm0rRENWAdNbLy4XGV2zybVBvLkfBcpNICndyrNF/b0rw/MuIxl4VG3WFvG8zdtR3KtUOkWeFy/wBdyPlWTwempfrE4zu2kcbVHtMOu8T/ANB3KtUGkWfgvMv9R3KtkekA9I+FcnZncqRuZmqPswcD2CuUu8xVOzeRogZpG0cLl/ruR8qyfvpukmsBR8qzR9i7pldq0mum5kzlSRcyVohZowDrPYK5S7zFUzN5WiFusbR6MnZhVWczOVtbmdqHjhVP0icZnbPJtUW0wPG4f67k7+Ssv76b1J4aO5Vtj1gHVc5+XCQ45Ks8GTv8FXJpE4zO2eTaYtps+lVHETlMcvKs7cy8btLrDj9qzRYZtxrh9hyf/Iqyn6j0FXSTacqnbtI0QN1jaOm7T7yasbs4Cgh5cI+G7y6xY/as8WGbelXnEDk/+RVlb3J4XmT6tWDLgrfHrA3oqxmFyl/mVZz93oqHaRuNQ7aRxtce0wQ8dNVLy4nGZ+7ybbBzJgmjA+G7y7SYjGXBUUekLfTuhxAUfKso+k8D4Vxk2ncqRm0rVENWAcZhmMqpGJXK1uxOOi6S6QFHuVZovLnSsamzxnovFR208lWmDWPb4JnasJq5N5XG3xbzNTBho9O8H7K/as4+zwqHaxuM7tpHK1R7TDpPhXFms7lSO1maojlg43mXvq3ymVwp4NZKyV5UdVIwq31XOZwlfq0mum5kzlSxcyVogj0jA+C5S6QFOOSrND329O8n7YX7VpH2BwuT9YCneVZY/Lum8x4kzGcOCon7Qt4POAVcJN5ncMkplPI8ZIwVZn/XhXSfSLBOSrPT99/hvM3fVoyVbYtIB6l6/iEPKtn+uOF5f9GP2rSzEPVeIsx5/as8uY8KumEcLlI7ZxIGVQ250pyaZkUBE/5HK0fmROArnU8yUiMbPAoYRHC3hkJ9XCxOukATbrAVHUxycXnDSq+XeZypI95WiFurB6l68BDyrb/rt4Xl+ZMRjLgqJusDeqtj3hcJW6vItU+kuHPDW5udbzXaq2UHN+tjGsGKk/acpvyOVp/Lm43HALCclRHDwqaT7DTU3OKNT3SV6dM9yyVkqGpkjKoK8TDCr5dIHJ5y4qzw5k29S9fpDyrd/rtR8K5P2ncqVu0rVEMMHURkK5wcuUqJ+jwaq47QhpOVEzd4FJGI4WhV79YHJ5y4qKYxgpzi45TDhykr3lgaXFyZE96htUr0yysU1mbhTwOhfiklMcgUL9owbzN21Hcq1Q6Q59S9eAh5Vt/12qXswqqdmVytjNp2oeOu6U3MjyRg8bZFvMEPHC8S4jx0tY5xVJanP7wUcUQ6L00bgs/kFRn/ANYG4y7zFUzN5WiBmkbR6l68BDyrZ+BqrHYhcpDl5VmZ9zPXUvYyJymIMjuNmh7bcLtPvNjopaOScqlt0cQWMdN4kzLiIZeE93JolI7ZxNoh2kz6t6/gEPKtf4Ark7FO5HyrK3yeu61mTp5Kc3VRjZwFDFpC3hcKoQxFPcXOJ4hUVwbFhsEzZW56JX6sJq5N5XGgj3martLqwRjuVaodIs+refxhftWn8AV3d9lftWdv2uuvqRFEVI8vcTSw7fVO7LyrfFvM1NGAFLIGMJr6ozSHrs8pP09F0qNItT3KtMOAZK+XmTOVLHvK0Qs0jA9W8fhX7VoP2VeT9AX7VqH2B1OcGgm5VXNkIjYXuAmaKalwe5Vng7bq61v/AMfQBlRUJ5Jkd5VlH1Hoe4NaTcajmylQsL3gSYpqPDzlxVogy/b1ruPsr9qzfiV68BDyrb/rt6rpVctmpOSrXS7He6T7y4ibs8CkjEUIVwuQYCxzi45WMDjbKHmHe5OEdPqfKszPpJ43Sq5bNSclWml2dvd5++jRkq2w8uEevdfwFHyrKfoKvX6TfKt3+u3pmkDGE1s5llKp4jJIA7WlpFK7Z5NsizJtX3HH0OcXHKYE89+FFTGeUCGJsTA28T5dq0ZcrdFpAOM0ojYTW1BllJp4jJIBGxtNTKqk5krjQQ8yZqjbq0evch/67k7yrKfKvX6Q8q2/67em7VWBp5KtNL/e8VHfQdyufy49SSeP8W8GNL3AW6kEMYUz9IyauXmSuNDFzJmqNurRxu1X/TyVa6drBzLnVt5Wvkqzwdt/Xrx9hyf/ACKsp+oq8j6Av2rU7MA6J5BHGTVTGWUmkhMsoB1p6dVMpkkJC8rHCNv7eclMjc9Wy3kHdXao1Zr5Ks9P234VtQIYippDI8mLAOZax57Oe5yhZu8Cki5cTR69WPsuUv8AMqzH7iurcwL9qzP+jHG71OBp5KtFNhu93qv6cIKcuBdIfqTRkp/0Nw0ZKttG1sYcAAnu1aTcJ+bKVBHvIBSxcuJoT3BrSblVmWQhZ42mn3k29io/G5T/AJHK0n76rW7U7k8YcVZn/XjhI7VpNdNzJnKli5koBLaamVTKZJCVSUzpngVFNy6TVzDsoIdWl8jtnK3U3NlCa3VoCulTy49SclWimy7fhdKzRuhOT0NGSrbBy4R7Mo+gqrGJnK2nE7VINoiqpusrlbZNZwh44XOblwkOOSrPB33u1V30UELpXgUVI2FgTmgjDrfDna4TN20aNji203KiBU0ojYTW1BmkKgiMjwKSERRAKrnEMZNRMZXk9FCxplCiezUD2D4VwGJ3KiOJ2pvdiusWsxMLtXg0kgfE0q7z7P1YNnBNc2ko8yyGR5LGlxxbaIRt24XGp5URT3Fzs2yl5kmQA0IyNCuldt9CthhY7LHtcE94Y0m41pmfjjjA4B5Ct9U8SANOR7N2bicqnOJGqnOY2q70+zNvBVrrdfokkAiJqn7yuNDHtKFcarmP0Vqoc/c4PcGtJuNTzZSmDJUFbDTRYlvEhUlbM9E54R7bBULiIs3O4bfb4twO7nZ42yAvlBHYezeWfXlnZwVA7aBqljD2EV9G6J5QJaULk/klhOSmS8thR7qgpefKEzlxtAdVQtUl1gaqy7GRupOeHdCNxTKGd6bapyVHZRhMtcLO9wrRG3lE5642F7gLfTcmMe1eWZZn9q0PzDwqKdkrMVdufESiCOiKpfEE6tnKMrysngyNzziK1TPUNnYFHRQMQY0cblXiMaOcXHPV5Vros/X7VyZtA5O7FWWTy3g5jSFdomMk4top3DP+DOm26cplolKqYmxHUDJVqowG79GwVfWthYRLIZHE8Y43POJYOS3jb6MzPBjjDGge1UNzE4VDdZHC1yazjou8gdNwtlCZX7NjaBjRqwFX1IhiKkeXuJt9MZZAm6xtAkrYWKS8RBPvTk67TlG4TlPke89FPTPmdiKkjpYt6qbmSEqlp3TPApqdsLAPbPhXOPWcqmfrK0wP2jaVcKoRRlSPL3E0VIZ3hQQtiYBwe4NaTcaoyyFNGSoqyOljxNcZpEZHOXdBjiuS8dNHQvmcqelZA1Xer/ooozI4CgoxCwH3bzF/YdirZLvCFLIGNJr6kzSFRRl7gKClEMY6LrWat0JyVldyo6eSRQ2iRyjtETV/iU8QzcKlrnarHCgt7pjtFCyJuKucQxEzymR5IGSrZQ6jf3rlFvAU4YKs03fW7VeBp5KtNH/fjWVjIGFTzOleXKKnkkKpbR+4qaOMcbrXY+gnKiiMjsTtDDrAzeQCmjDImgnAV0rOY/VWyi5jtmtDR78zdmEVkekzhSzcp+aiYyvJpIDLKBDGI2AcK25NjBE075XZVDbHSfVBSxxDorZ+TETLIZHksYXuxHTtpaYvkds8m1Qby5V0rOUzQnJzSU7p5AImRwMDWvB/4F4gw7ZeVaKbDd05waFX3LGWPeXnKtlHzX7NaGjHRc4nPjXIk2xbbfp9d2qcnQDJVrg5cWamdsMZdUzumkLmNLnAU3JooNqi4yPcrfXu3DQcj37nEHQFHyqZm8rRCwMjAe8NGbhcs5YSSeFNCZXgUsAhjA6S0Ff40Wc1UwhiKmkMjybfTmWUIYjYrpWc1+qify+8kz5DwpAec1Q/wHv3SbSEg+VTv0laYqhvID7hcS8lpOeDWlxxbKPlt26ycBXWr3fq0bFWym5ce11rOWzQnJ6bTSZdv793m2k14f5cnL08rwvKtlDsdwMD4LjVcqMh7i52bbS8yTNVXx07NZpnSvLloccaWAyyAU0IijA96U6sKrH7zOVMwOcpcbnh4C8qgojM8GONsbQOuaURsJrakzSFRt2cjWCGPR8jnnIGVFRtjj5k0mx4MaXHFto+Uzb3612sDlIcuKa/ULzxo6R0zwqeBsTAPgutZ/RB2FnhRwNaObWVRldxtdFsdwMf8C5H/wBdyPnhgAcB5VrMXKHw3CrEUZUjy9xPGmiyc1NTn6OFDSGZ4UMTY2AKWthjTLnC44a4OGfbPZXWtDvtoInKippJU9hYcUNWYXhQytkYD1TSiNhNbUmaQ8AODG5KfLga8KeF0rwKOmbDGFLMyMZrLqTkPle4priCrZIXQ+5cq4Rt1e4uOdHLRypbfJKQqelZCzF0of7+CrdXmM6xyNc3PQTgK6V250TGFyfhvZbY4saXHFuohEzaqro4QqqtkmK7lFuEwZcFb49IB7dbVCGMqeUyPJpqd0zwIqCIRANoIAU1jW8HsDmkXGgMbi7uCqK5Oi7QVkUo6LnXhg5ZJJzFE6R2JdYW6k54NaXJw1XlW2iH5K25NYNJZnSHMcTnnEdC2GLmTO2eVb4OZMExurQPZkkDGk19UZpCo2F7sW+jELAemWJr24rra5hLi0tTJnsUN2lYo7ywqquzOWnvL3EtGShPFBFh7i45UNM+UqWNlMzDjsVRU4cdquv7cskuKpqSSZypaGOBubrV5OgGSrVTaM29q61n9PJVqov79ZaHKptccnee2TMToXt6mMc84pbS52DLyaOFTzGV5MTMlS1GG6dyqK3PlOYKdkTcV9SIYipHl7ibdSmWQJjQ1oHs11SIYipZC95NDTGaQKKMRsA+EgFV5p42FSOy48BRu5e58qOMvdigoGRNDnuaxpNwqzLIUEX4GACSqC2l2HMjawYe8NaTcKoyyFRsL3AW+mEUQ9pztRm5VXNkIY0ucBbqURRg/FVVLYWE1VS6Z5KpIB/Orqtzq1pcVbaDUbq7VmBoTngAXFW+2+HtaGjhdazUaHuVaqPJ39q51XLj1cdirVSbv2Ax8U8zYmE1tW6Z54QRbHNRUdtACSrbb/7gYCqphFETUSmSQlNaXHFvtvh4AA4VdQIYyZ5TI8mkpzLIBTwiNgHsyvDGk19QZZSoIzI8CkgEUQHwveGNzca4yuITG5KfJq3XuSrdb9iHtaGjCvMx/imMLzi320Nw8DHB7g1ublVmV5DWlxxbaTlM29q61Okep7lWil/v8JOFc6/P0E5QC21C8q3W8vOzGBjccLpSuf3ZRyudihtzYvq43Ss1GhOSrXR7u3AwPae7VpVwn5kpUEZkkApYhFE0fDcq0Rt1e4uOV4XlW+3mQ7RxtY3HEtBQiYOirqBDGTPKZHk0lOZpAKeERRge1cp+XCU45KtFPl2/w1lSIYyp5nSvJ4eVb7eZCHRsaxuPgc4NGblV81+GtLji20nKZt7d3n2k1YNnAW+Hlwj4ZHhjSbhVmaQ8fKt9vLyHRxtjbj4bpWaN0JyVa6Pd2wGB7c79Y3GqfvK42+LmTBNGAPhuO3IcnZyeAGVb7cXkOYxrG4+GpmEUZNTMZZCaWAyyAU0IijA9u5y6QFHuVZof7fDVPjbGVUua55QGVb7cXYcxgYMfCTgK6Ve7tQMlWuk0Zv7l6k8NHcq2x6wD4aipZC3NZWvmcgC4q323OHtaGj47lVcqPD3Fzs2yk5r8taGjHuXZ+ZlAMyNVM3WJvwVdayFqqqt8zk1pcVb7b4e1oaPjkeGNJr6gyylQxl7wKKnEUQ90+Fcj99yox95qj/gOokBVtybGC2ad8rsxxuecUFtDMOAx8l1qtGaHuVaaTJ390+FchidypDiZqi/gOmWdkQzW3Rz8tc4uKp6V8zlR29kIz8k1ZFH2rC+Z5dTwl8obTxCKMD3rxHiTMZ1eDQy7wt4ueGqqujI+1RVyTFYJVHbnynNPSxwt+Wtm5cRUgdy92zHKtrWc7/gXaDePJ7FWmrDfoNRE0Ke6xMVRcpZUSSoqeSUqjtQbhzWNaPmuTCYlE1k8Gn/j2x5db2Znz78kYcwiupjFIUHFqM0hWSUyF7yqW0ud3gpY4h6DmhzSJbfI12RRVLyqenbC3H/AqqRszVLaJAU20TFQ2YKGjhj/APw3/8QAAv/aAAwDAQACAAMAAAAQ88888888888888888888404888888888888888888888888sQwoYkQ888888888888888888880A8Mc88I80888888888888888888Igk888888sQ88888888888888884gYc88888888Y8888888888888884QQ88888888888c88888888888888k888888888888cc8888888888888k88888888888888w888888888888800888888888888ks888888888884ck8888888888888Yc88888888888wk888o4soMQ88888U088888888884oU84kgMMsso888884U8888888888Ug88w888888os8888s88888888888EU8Ms8888884UU888Q0888888888AE888c8888888Y888sAc88888888okU88888888884g888sUc88888888wE84Ic0oQ0888o48888s888888884Ic8w8oQUUc8888I888sU888888888kcsIYoM8wU888888888U888888888Y8884g88Y8888cc888IU88888888k88QY888880884o888oI888888888k84scgc84Y888Mc8884s88888888ss8UsoY88oU88sg8888Ac888888888E8c0oc88I088oY88844c88888888I04I8sg84UU88gU88848888888888ocsI84k88008oIc888Mw888888888k8cc88g80sQ0ck8888Ic888888888k8Yc8844QkcAc8sc8oI8888888888ccI888ooQ0QoA4EcUk88888888888MkI888oYU4soMs88sQ88888888888o08888c0swMEo08wUYc8888888888MEU8888wIkIU804cwo888888888880A4840ooAc8osccwU888888888888YQk8k0osAAMAw4oAI88888888888804Qwos08kMgcYgQ80088888888888Ms8AUcc80IUcww8kIc88888888888ogsoAU0sgcYYsEQs08888888888888Q8kUsMwEwsAkwAs88888888888888YIIU8Y8AUEMIg4c8888888888888840s04Ic8Qcs04w8888888888888884YUYM8888cAooc888888888888888Y00wM888gIQskE888888888888888E0AM8888U8Q0I8888888888888884kM0Q888UQoAggkE8888888888888YEs8sc4k80koYoss8888888888880o888sM4g8A0Esgwc88888888888oQ88888kEYk4QUYkc888888888888QQ888848kQ8Uo8co888888888888sM08888ow088c8gIc8888888888884I8888kYI88888Uk8888888888888808888kkc8888U48888888888888skU884kMc888880088888888888888U88oAkc88889FF888888888888888ks4Ac8888884FU888888888888888sMM88888888888888888888888888888888888888888888888888888888888888888888888888888888888//EACERAAIBAwMFAAAAAAAAAAAAAAECAwAEExExQSFAUWCg/9oACAECAQE/APnwdwiMx2AoTXjjIqqF4FQSiWMN3cqZI2TyKWW4jTFhJI6A8VbRGKIA7k6n2b//xAAkEQACAgEDAgcAAAAAAAAAAAABAgMEBQARMhIxBhNAUWBxoP/aAAgBAwEBPwD8+FavJZsRQx8nYAabH+HK0opzzytP2ZxxU6yuPbH3HgLdQ7q3uD6uhaNS5BYA38twdTUcNbtG8MkiRs3W0Z5DWcvx3rxkiG0aqET6X5N//8QAKBAAAgECBgICAgMBAAAAAAAAAAECECARITAxQVASYUBRA2AycIBC/9oACAEBAAg/Av2PE8keZ5Ix7PyImJ5GJiYnkYkhPrWyJiN0UTCmIjAcaYnPVNkBuiRIYo3OJAYn1LYnlRImKOnFZ0e3Tx3GxExLWXTMgMSJb9q2R2phkJdqxPKkthLtWJ5UnsLtWJ5UmhdtF0ksvj+ugi6PYXbvuGcUe/bxdJLt+R0XbOvPbxdJLuHo4nkYiMDAwGjET1PXy+Kc3NkDyMbMDCuI9+lTo78cqKIxunieB4GBAaEPfq+RsRMS0cMx9IqO3kbESWfY8XNiGs+w4pzYzikln2TtVJL9W9fGdqo/3FUfy/XSOR5CfYfdHVkTExMRvLtGReVEh9snlSWwl2SsTpLYXx/X6qrFR/tv3R2PQ9f5j+/6R9f0RiJ2LpfWvHc8jyOe4Ss+6Ps5bCXFitcjGifVLakthHqsHViExuqY9+oV6sTyokMbIj6dcaqRIwu9dKxXfVqQ1noeulTu5HbgLQXTPZW8an3R9LxTl2Rd0tHl9IqPZH1WG47ZLIVyoxdN6o9kQHbwLR9dIqMVI3I5vTpMi+m9aCRNWO1ieQ30aoxVe1slocfO9afqyKpK1b0dU+i9XsVEc0aIbKnL1WR6PljESWdebGyLpIQxbXIx+Z6FSTqxbKklctyJ5VRIg8umwyo6Ld04p5GJGzA8TAk6fj0efnMSytieRjVIaJHiYVi8x6El0DRFV8TxPEZjSSuTzHYkPevAuhVJLIwMKc2eQhGJ5EnYkS36XmnArOKR3MTGmBhbhkJCojnpObE7EiQzxILKx7CVkl0So1ZjmOiRMUaxdFankqSWXUR3G6T2ErWIl/KxPN9O6wHRrIVqMCaFT7GMRL+QmSfQfVjIafjZ9C2VORvovuuJHaxrPRVHuRebufR42SWjzR7Edx9OxWPYWn+Mbp+UW1Xv02GQtGLt/IcVkunW+jyOx7Edq8Co5GIvmxsSGcC1Y1RyNkBuj+ZF50wMBrIwIqknkK6L0ZbmOZj8/kYho8RKjIrKkthOyDzohb3T2PxjYkfk+azgQ97mRWVExkiG46Q/kOiR/wBUlsj8e1Eh7io/lxdJLQYjAauSJi3HSO1GshI5px1LSxrLKiJLOnFFSewlTinPy+Kc6mNJ7IW1JKidk0KidGvlrej02cUexHak1aia61ieVY0ksrUTVi2o9/lqj04uqpJZCqjxJb2RdH1EXnbLYVuFr+e9LkdklkLSW1Hv1HFklkLSTo9uoVklkLtZEaT2FprajXUNmOVJoWnzR7dB60MczGk120NxsSJ6qo+mbIbDEh76uOfTtkdxujWQlqoY+jkzyQjGiRMS1+USYtuiR5USJiXwGfjZJi6FipIUf8N//8QAJhABAAIBAwQDAQEBAQEAAAAAAQARIRAxQSBAYXEwUYFQkaFggP/aAAgBAQABPyH/ANEoczciR38vA0q2AwR5/o7kzcBAWGbbWbs4pznnQLnNiUpbvKnDBKT/ADb8ZLbKy42kSyMOFN1NPr3dCLdpfciZIAR1CWf5Rk0EuMzHFsVIrTyjcCVlLYHgIA46KPEKoIkP8jgarRwHB/kIf8IsKIRzAg8NUSMUr4sORGa4ipZQTHP8UBbD17hoqVIXKtUQyH8oBGX54Y4JKIuT+InSgm642VcLRHFcAKD5yxchE+kZmzvDb+E0pBFhhYg7AEZPvsQFNv8AMfyEDw38FK9Vr4iFBUCqXZ4EKlm79v4D1ba4AJ2CBIUHaX79RxF77+jVBoxgRIsBD4KDtQL4gr3d+w2WKmFMyUIh8FB21S8pV7JWTvhbIiFeYcGEKqg7cX6YK98qmbHeN154jRQCEMJ3A/yhr3xf7TY7tesECBwhAG8Jll3I/wAJ/wBM/wC+bPdOJuSZldMSABR3P/JP+mf9c2e6yFltEa3ZhrEOLbusPRH/AKwf7za7l+sEzFiGw3YjJl3f+THfvguWw7mq5MyvSQKO7deiK/fLJm3cZizWIsW7AusQYmA695BN/OhgbJxtbYIY9pBLJ+RVE79kuPcKjYhgcIaOYLRl1Mkgl3Btym8uWcyo8M8qedE+IbZhCnUJEqBv4qvVHftmc9xa5TEulEOCAAHS+zn6jmGSMZpRuMBLcCF4QLhPAhW0lYwbqIKSoZPh8T/PM/ZM927feIs3mF85gTOOlqDpWBkLl5CaDPhwUgeto63zD+/PiTvzKdstFzMOCJVAAcvS/B0fAUN3pkAB8YAJHSzMnb42rT22ZMu0YjuxnJhBRx0KxzxoQCau/mE3bu0NP4lrCEU9qCy8RzXCGjliMmXQ/WAmSIAA3+dyD8RK75lEfDsJs9tgRHLHReZRhggAB0ZrmZYEgAUfMLLxKP5n7aPH4MEgv3T8T2hs/UUhwRAOWGOs1nosfsRXPMoVzAObHz7ko90Ve+L/AA+GFS8ypdoPIyxEOWVAYIFAdGcpmGMN+w2On/7Z/wA/W6U/TT9/MV47NaLloHBGA5YGDl6FfwS5XMqFzAfwdgqc/fz9XMV468v4l986O2HZhecRFuWW5MEAw46MgbzMMRdiSPEuXnSuw67rFj89rDjMEM4MvQXGBEXeLhnOZUTjo3Rm0sQoMvlnxfj5YPMuXw5u3MHZofTEdF8xqTmEPwdFgXMM7MKba2xUS2yMQaqR/Lgbu00wW7Pw+3zePbPgpZMxXv32dOvLLFl9x0EixhHBGC5YNNxnRO1BKakL5Y3TsyRqGb2RhZUXx8Pq8p3mUHx8IaF5lF8dniTtFJ5g4e50Hk5YznLK1GCBQEYJ2mGEgRUw1BqmVUN+KAu3iXLzKF5lO8daps/WSu+ZXfHZD9QRPMTZXMEn0dGUsEciAxMunP6JJTLCBQoNXWiD4C0eJfvM29t8LCweZcvqG3ZXFssVs3UdBXPEZv7iYuCCY4Ja/YiGeYDjmFs2Oqq2/BWFhmNr7/B7PHb2iYM7SveZXvHRTYhDNzLpz0Lhi7L81DC0MpF7R/NT0p8OBZlkrfsjf9E92SjeYZPo1BrgjOvmJUcwvqiF9UR1PMrNzANwdTBfsn5vrHwEbzUvdbQUDrdpXvqewJ6K7L3WWLLmzosy5hlZZQ0w53jDAnVRpTvMrnW37vGF6z4PW092T9hDQOy2zDSSwVvqtCy8LgjmcsIFcRwTNG09vQfGdLHeJZ/M/ayoeOpaJaFwRPJQPEfAGVvLhlz7IqTPSZ7IhfUGp+EjeWlwrBKgln8S1eZ+shoHTY/Evvmei9Z+Ji+Wm18EqD4KoMor/t2Xrie9JbvqGA1wZ0MgN9Py8uPmW9V7xHMXvWxB30LNnwO0zRtPcU9Cdl7fHb6EsWbjwRfLQ6njRfgm5N/1XiKh5myuOpWMol4Ig33DoOPgL6gnujTJoHZVy5CWj71F3iN5SVzNobajf6i7WfsJ7snrbqHwEX7plGjBBQHwVn7itZna9pio+ZS/GtJLBDbeXom/1P0FPYEv31DbqrAMEMxM/C27w0ktH32SpT9dKL5hq+NHYzee0bykLxmp/wAJvxY6dEveK314H6wiMvmJQcw/pj4Haz0NnuCF9Qdk7viW3zP30wGnraexpjjaGDUX6Zve489VDTPZ+rIGWI7M6NvhDw09jSmptDB2V/ix+ZldfYI5iwp0f4M/7pguhULPTZ78heM6Vol6HBGE5YGPlPh3TvN4vqdn+Xiv2dFLzFA8z8N0UHww175XXoH6QntyenwUDpLwsdb7jJrBAE+vh33tK95la8dpvcmW0dJn7SUbzPS3RUfEr3nR5sa0D7jtmJZu5JgR6KLEIZ4Zfh+lgieUn6aUTx2qU21EXLzLF9Q26DbJ+yl58y1+NbyWCzAm/jZVDraUN7NA4wIjL5jUHMD6o+Hcu8sWZjO0xEIo1nq31h7DLN5l/wDGlq8T9dBqMDhNEZhj2025cwzstofFgllCS61v2ijsw6NJkzFO/fVtXabRu3bRivieRGIqIMKoKfAr2R4wb36l0ME84MAPGiG7NpNPObw7HrfPol28xvOQT+O1u30BNC8yk+OofERPJSpThi1uKiX+OlimDYUEoid+yVLtiHFnZZY/MKzrEtRWx9KCN5ZZKILVhF9Fo8S/eZkht2u2dvSKlP2UqfmUfx1XBHVWGMHwxW/GYitnmZghONPyssHmWtyxAnQgWVRgRq1ilKyvRRCErVeYkOLY8w/vyUgsEKim/bXb0Dv+Jd/OghQ67kswzkt02ftBQNPeY79NaslMdEGUYAbGoQbz/olao3/zF8hA+lO2e3orf4lx8yz4Jg21GTZenMobNFolsXGitTOxCzZABQdPo0qfmUv3CfaMy82h2ohsTPTJm5j6xaLnFYgMqxcXykr3jSlXIxN9pYRdKXmC0aglOkvrie/IvvS8nEEK1mXtjIh3CrQqT150y7RyO7L6EMA2m3uYZvEfDgJk7qDTDlPSTBzCtZRTYj5XMTzEIPg7YalxUIr6pmcRBHCATlgnjxQqSItE34ltvoRUQRtYlb1Mh0IDYi5GCCI3Z9WCKzzM3Nu3y4wso47cNdQKtljOzG8LAuIcrlhO4xE4h+1rpv3Vzxs2uTKK+igrZYzswDglxTaIZLVWXtxfRgez1FV7BFW8XAWcw0jDCtcsE4lJePk0vbluinXlAI2JibtKonuOrXcBLFYuAs5n0Coew5iErmCLgO3shuzEYcTtxX0mb5mFZXLbW0ED747x210C2P6OghZY7JnvD+qIlhzHBXMMX0dDsy2WQvIxYU2HcWeuf9ExEvaHSgo+CMJ5lYuZ4uoR7zFUVUaaWNtEWq6CZgomLuWLCihq4XmsRQu7CXbIeVhOUI433ApOO4/z4K9s2cv2OIufQzZMww1KC+LboAWEBVbRSCVLnEMmViwCghIbBHy8EYs5gVPGiodoAHDRe2tCjBAoruDZeUNe6VifmJUvMrWs/rCIy+YlVzPrFQq3nQeGILZFZhUVKJeo6MZCYIQGxoLplGdmGMGtxlMZF6HMgMTL3Nnpn7HTVa+4p3nSrsOmUMss2W1Npfb0AKYm8o/Uu4OIoOI5gIGg1XARbvEA5zKV5rOi1c8RbvPSqvAxqA0dybc/dz97MD1MEbz39LWcaYk7RweZcWAjDbsFhvBeY1Ag5R0uYxMwQgELwEBuHLtnOOEGHwoIjXHSpux32m9qi3wlS9zYJavMs3hMEbRGB1xIY3FR/IQkbCZZ45vMD0oAFGjo2IpBwShuFss/Xpb24itdHvEKpgI7fIRzAjmb1EetXMENB3NQl2vMtPiJHmMxC8DLpXiXDpIJSsaxt3hGoATeTNhtEw0RFbBqWptam2OZ9SV27GbcRYvuIlYEWEW9NoADeGpMu6pZMRTH1o6CNVkO0nRXnU3Vzf3FOdA9pldglKuUNGA4Eo+tFMR2mWEXQF1BUvGJAAo7vgtmTUqVk2oaArRDJdTyZyaZzGV9ZIgBBWZADW5TzMoLFq36BdiAPNHfRaGELrB3Y+IntSV37g2Gi0ShLbQViYLooniSviUA5RyO7MbYILoAE3Mz7HE7dJc1l6V6BkD8DGNx16GQhMO8Fonts9kQPCaGw5R2O8xVAV0GrocEBhwlfKqXLzmEayplNmUQWoj0BoFTJ9zk4tsOrePQ75t1jpZvvaJxwTKWIDTdmAst+iyzoyLBEuC1PK5wn3WXqGI9IDS1XobGpMUok3NYiPeY5BCPO7/bO0sSUNsyfG5WdG/OkiIb6Gh5sTGVGtFzoiVhQJUHE9hQkFYhMvEZ9MMeIgEDbv8A09F8xHMxisqVzD+bGigWxs7hlagK0SnKoC1++geWrEabdhQssFDIj+YlSzBAoCGsU7LmGcxzMTiibO/wMXN5tAtMOZ0QKzOMWJpSYSEQoOl3DvGVN9Mz4IxkpWZhHOMRDOZupMyQXInaCcmEqHv3WMVPMrDXwROlBEuMS9LoNzmBUzz1E0kAxI37YxGO7swHi4S8Aiu+kaleG0RR9wJf9d+UUrU8MsWgbRA4RW6EQQRznwAiyyfBFEOYZhlLSQRF6UIcECjv8QdoFzZm14RVSoBUccCGQfAZrlFS5lQWEupdI2O83lVmOh6OYMzjv739EVHmfS0IDZegFkVUOCDKoPgaLgI13iUk5ncsZ2ojAJtK+iGuzQLHMARy/gWHxLF5iJUVV6WungOHwLRL5FtlHEU7wLnHg2iwHHY0C2UuAQAB/AohmoFwsmO82o3F+3wgg5R2N+gePT6odcVQAWCKG82MuVNB1O8QLYQpo6iReTahkmbocLfrfLgj5eNEY6h5voJUFK8o7ERtdERKQ6jC3eEEhWneDF2gjQo5URTEb0iMicAEnSTLLHGItx2bBN5gomWOILBvCBZRmZQhvCAsffKZM957vNnhFyhEQcty9UhuANDw31IBNjXAmmCOrnyEdJzDQT/e8RXopggmuYCoTHhFSRLage1FW7WCWg2iYuLhfQHdN1gmWIEBvCqz6k54l4KGqSP25KIVyspLcecfO1lMTcUzLF6aFRJz44qM2Typ2pl8WCjBDgXGb8ESuYey90405mVlSBRXWRQxLwaYq1ciWWZJegpFWCLTNrRAqphGimSdpwDGWE6UBos4ZRiO7EZMIKNjusgZrEZLuzCWIcTB8W6GnCgwMQFaIa9SEKELFvM5HHZgCEg4QW6AUIjIoJ0AjI2ITDhCIbswplv3RKuI4jhDRzEYZfGnHMfGGjpTbSYBCEWdNjQsiuXUrAS6EEBWljMmXF4gUV3RMmUVVlAeCAAPieDaZ20fXifQxoK6pDIIi3iOt50MBKoRoDS62eI/XmF4xcD5sd0pNgmRcQTm7KlcZ+J8lBMFZrxyAieRDYKDQVHQaEIyEAUaKk7RSsITHMIQy7vMWWJlY1/EAVlxmRWyxiKN0y4KmBAoNX65lhBAYACjW/zIl0UBwQADuiRwEXPxcIZzBCcfE7zEVphLpMqGDgEFV0FZI5Yei6maxH65hWMQ5m3d1QcsR2Y82+JuvwjBc6bQFacQKCg+FiuI6thCY5hCGXeYA7R/sGDh7/ChdiBQ4agqjTzAAVXxA+UxnXmVZ4QADux+oIvkJtvmGb6+HAQRdoio0kw0FB8T/eI83mBs5g/OO8qF7x2zeZ8V+8VFoYuIqI6KAoUHxAix3fCMYcwSynvkNM9n+FvA7hWCNtCHwUHxgpcoiXMQSwhEG3e3ZKZ5lR+AmgnXCDgL0iAAfGxNgmdcQEm7AWs1nvdyWe6We+Y+jqFtY8FwgiF2IALMAUfJmDLEyxH325P3UuPmK38dL0RLQVFuVwIQIhfyzXJHDSV65hnOO/8Ab57wgO8ahWBClbharBOIMpQAP0+VHbmXTbzHwi6Zr+BhZtApOEEvDIxvbGEKEXy3DI8ozmEig+a8HEuBCSgCiM2w/gMnkmP8Rq1UEyowVRWV2Ag+v32B5YjeYMYpyU5f4NHGY1riNZIGlwEogB/8Nf/EACgQAQEBAAECBwADAQADAQAAAAEAESEQMSAwQEFRYXFQgaGRYHDB8f/aAAgBAQABPxD/AMi7sC7D37Bp/wBEy8Mf9ojn/jdmD/IkqYES7k6OaLoJpf8Atu9/9ehdv/6TQ/8AfI6BNh/jlDEBkuKtPgUJlRlOEyILshWRokRh2R6i2wjZ5C33hsZQyLkzyfxQhA7rGtJb8TcmVWHpbZmoBHRAGPq7EDwPdBm6u/Vnme8WalM8AYMO5yfxCcOhxG/SvUqzMWwtwIDPfIAYGeSgmMLqjNRVysWbXQb/AAqRACA7KqWsDamTWkMzDv5oFaJcMNrNiMOvH/CDhByzLOnVLLpRYAdhBAeed8kJKoxSYeBVof4IngJqpXSqqzGRQM4OfQnacJlwfAwiOYbe/cfwISQJggYMRqrI7k3gD0ZAyX4Zue9j+AMmAnrBYEAqtjxhOQYHpBDKdfptKfXmhBN0CxoBVbMBTSAwPSiY7XO/CsfXVIwAuM5v2K2PgRugYHpgrMt9+jB63m+ZklVKV2ggg9OQ/tY779G/5vWLMjEEll1mPosOsQNfUAn9r+57G3+X1ZAAFuUSSTlVwX/1IH6IZ++efll/xPVICvYiCZfmKz8LI0GAepOfov8Afv8AJnn4nqsMICCbwsCu0psXwB6of2lp+u2oc/P1JmAFsZ43CaMsFnAFfVjV76tz97+1X+L1CgaxiRfmK3Y0IAA4PVl8oduPv0p2PUPfBoEwhUhY0psNo8aIciFS/YN9RdexMe6JaF54Gx0J9Pmb74Vsvvbj1DR4C3KzI21VZLz8RNVdw7bsBJKye+Vr7ML2cN2pOu6omdQm9UH3IAR08rbfe0H2tPUQoabp1WSHhIwDw7OfjBvZF98rEhOx8ZBI46x412+VDmWtGe2KMZlaGIel5RyvV9vUDMMYskZIqQGiI2xg3wnJYqJFlRpYycfGIA8jhIy4zHDUX2GIqO4PlRW/pZ+mZMuxO14uDVfEpYXOzgkrOs11KOE0AAwPM0zlezZvkPk5qeX++nNwPBJN3zGllI0MAAeAuPFxOURZYaUHZRAHmAs5GYnw3Er5SPM/trvSpdgNtQaxt6xkpHwGYEMUjwzTlURJZABh5uIt130G59fvHY8kxp/cPpbiBOebVTy+JGAeDZivyVYXwxGgwPOH55X7Zm/Ctl+vI0vl/pOH6+kY7gNbY28E2oXHwg+A4sCW7wVAPRjY6AB5538Y7t59YV/p43s2cvsA308PSGJg0JuNYalzMOA8GBMPlqxjz/QP8XR/5Mw/J49n9dMs19b88PRki7BJq9gxrDk4MXwO5gkj9Goz6MQPYB6AE/UaPvMb639WeNi7yO/cN+EYYX16PiqdBPlqkuuPCNgA8Ad4xftrGnoXqHs7mPu5n52YYXweM9zsr7qfpZYhdDDusJY/ApJxTc1gm6jRC0GDwDKYW+dHuTQh9eUCN7om+cVtZ5GT3uW0+Wz9Hl44Iy50ajTozBhmHgDH6YDqt7PYGHR8UO62rCwhKdL40lOLUz0iAnk45eZ/u3LTnyObMMfttJPRiJwMjHdbS7PwO9gFopeCrUILYUPQYsE4aXaisV0EQZPQ4SQ4jON6+T4C8VhzuLjnF8jkh7S/PCDC9volwW9p1Np3ELuEF8C0YJCeDVJKvIzsEEoBrZNqwRqrLMSHGw75AGBnRvg/2RPyA08BM23puTL9sA/sDxi17Fv97R8X2w5mYT0WiMFmK7rnJyCGkwA6qArI9Ulmq2L0+mryneTq6r0bMfkGB4Ecn+2b+QOlmoJk3urRXCnjLSzFPq93b+cQYD0RH4lkfLYngpuYR5Jpuq3TSQ9YATSwJNMRVv0EbDiDwGCJ5/t5JB1ATPljBcvIkQcYyPlsBj0S4Xt4qkncR4mKF8GXUJnusJ5+jiTAzurAHhZnIaf21/jJT7Eo+ikI3TDl5h3yMysxPlt/5eisFwVnWd5zZGgIXnAHVsMEbmqNQ11oimYBL9wS2GCo1aMRJAEeHeuG+RftvHdbmPJnu652NCjI9jxoE2YvEUw7mPEwD6IhjiZnvd8IwecQiO6270vuPqV+Vhbw1cFs9e0/yJuO+w8fE+VSr8vk1gvPZy7Xdz8DQhnex6LmZP8AIMTfLrJzsE21yBmoXD0oWWjOJwrjm6Y/GYV8LqeyZtX3zizsb6gHiBF9i5mJFBuizdnFfIwTkMm+abZz0RtexKHdFMUbpjYdnrvfMeSld1SJ6WIUwCP4tyPvvuXHaGd7HhDR983yqucHEPEqnMci3dc7HSRD9g8jHWCZ8sKxj6KW1mORh7u144hxfB1zJA/qx97dOpPZzfIKNvEJA81b/bbceP3OVX9XyZZYn4JhNFco3TAEZh9Fit5jM+WwHOpt9g2XDpI1m6Yddh6lPf1i3xOfPab5iFt5OvEaHYJC9LEVuiAeHO+QqXuzvO65eDoMJ3seizlhm+WF069l46CRzuq7clAA6PL/ANkA8MaXsM/I0IhxumM47HxamzkExHdJtMkTPY8gzHEy/LNor0buHtffgj+CPgLkE+WyVjq8r/0eKHuYDlce7thOIMB48dDPdYzzeSdqj/IMKxj6Lsfgvzs/PcYhyHoK3sTnNCjKbpgudj1CH++x8MZfKsz5bNp4ls4I3MECg7rTH8wPyDa9ibn6QohumNp2fRFqcjv3DflocH10PUzHk7zuq2jRQAfB1IB7QZ+q47w8os4flifnPiEZi1A6ravD8loTMeSvPd2h6KMD0R6nZX2M7B69svNa78tqfganRn6rPwQPhCxg6KUQ3TZu7Hwgi+1yhySmoQrwAvk8d5V3921Xu9Gdui+1r1WNPaT5wQlzN0+GSxv38PEM92dR7uVyaKL4g8L4cxhN9uqVGkgWYAPIXBbdPCqedxHn5wX0hnv7WPTn8cM3O7RMfuYgjsfB99Mm+y9OvW+uoBuNRHy2JEBn7TNab9MI9c+oTPlj4/5KO1iZnO65BZoQQfYHo8Z3/taXQbzmKdF7u384gwHweA/miTi95z77YiXuPAsYR+bP3Dl6ZaF+Bt89DolnFNy5AoO60QTMB8kxGEyPe7aekxhTmf2XoCKPclf8tyoeLHBxH+HEe77egOdhM6t0FOtJDlWTwDVu6EMDR0PK6QHdbb7Xyt5iHe7CxhPpMyuf6WXRzphj9tvpj4uKeU5/Nj38ulvkVBK29xgAasq2Q8HcAvvKS1bA0tyYvfSRGU7hehugEY48lENWTcxZV1F3gRk3NBQGN4xjOxPSKv8AbHOnmB7SfPCPO9vixNrudhmK4rpEkHSzTkt3Zh4uAyDAInfCtl97CXI5UCYskeq6zBewjCQHvCHnJqtYo37n3TCt1gmMYN3SW3ioJ2Xur2YUMA9Lv9/T7H4L85H+lxZfY+Il+yQHws/GYWWt4xmmrMGbhGoMK9CUve/cigrAJ6Sr07Awz5siWqVjqhto62tceNYaIyvwxe+AHoeIJ8sCOH0sR/tnsjtcjk+935Bsh8HjLSacZiMt3ejKdCjK9jphl5r1Nr4CTEybVjjk90h8A6ngCmmXwle9oufQQ0m6YAGY+lNf6J7XsFzvuRWn5DMDlu+UeQQaDq+Ai9gg0/oODroj94V1lBAeBcIWLFIO4j2uKs51SUeJRgHpl/1TkcHp+/IOCLsWzIwByrfLiRmO4ix8UL0GhEAlW1Td1o9EC9ljchDkTwtBwebe03GGaAh7ERBPlgxD0zqlxP70Xrk8/wB/INwHBIJuypPwwasRuw4TG5BCKdgQbiXINC54QWQk8W6wd07HdYs2KdOQQ2m6YFMx9NuL/wCrWZ15n9gb4nIwGrcvNiDVgNYc6RX5enECK4ECwsyeWBZ46BS1WzbDRAH2DM+CKhgLH5trRohY5yFGurPbnQw9OXB/tqdw0N/TyERffDqvSeB7HULWoWHnCtsbUztGqwK5I9wZdYNs6EtQAmBLd+WZ48OT3w6rONc+NKZ+6xPYH1DuD/bU7tn+vxJuAVPHemTwnRMcljtapcOXKseJgYpORVenJuxcUdjoEXhFQewoi41cP3bnpiNepAhUmNaZPCdEo4Fqy11ruQoBHMwR6dKjP36E5aefr4qi8V+WrBfAOHED7Zd/D5E5cr0QAsmQuuz0FAs64ip5uCyN1rh7oBCMwA6KArd2wfIVgjnw2WGWM78tv+o5hpwvtY9FjxP7EPwItgluMFQL0Ik7MlsI1Xc9EMeemh2C2Q7EFTOw17DAAdiF8cs77rb3W46jRGtKnTAFDHwC7vQOt0R9xhX1ApfewX2snMRO0df2Bt8Hvtb9asF8oqItyz8Q9WAew4QFarAJ3HMKTVYIjYoQS8Yhs60lpo0R0xg3oAABq3I3Y762DHVoNAB2D1LxnPvZ2EuVPglb89Xs4I3PECjnrRe0FW7jV0cG6Nb540JNvdkxYDg3sO208tFBgB04ZrOl1WQ5oAAdDnp0tV8BHNVs3h+pIXyrFfe/v0KHuTpnvuXuCwne50MTAyKd1hbiX27kqqs4t1tWOzVGjok4IByxFlI/NVZdw6HqJOXenJuTojdjB6B9mGNzdXUNmB0EXY4IBw+pyP0398Wp+tn7RnM4VT3MMbdOZcFtnjUSmqIShK/RUZLiq4fF1xqjIbqrkN8RwYZMkQ+W3rGVuxVD4zBCJxFVDq3Nd+hg1gcCz3uZdbvbH5qb7HPUPZ6NfRxjjG7trMeEZ7CcXfldlY7ru496zB7OQKAt/Dd4aDAOihgC2kloTrDY8hjm0ThshlZYpWBgfIWSLRrcT5wiSle7ZGslQCWa9uupmkfwx6rL6SEep2poiDJVmmPuEbbYOJnfdsc8DNlK1WCxy6o00iBc9sFdDhP21ZeyV+7Pg6EGogoVtIKfSFGPZE/aq3vNtwXCXoQEhZVY1x9VlxLH6YVXpFe6T14XKHpr0Wc3bM31f/d3ZdGDN8WwQ3KDA6qWcN+Fn7JQFbYw5pikNvYOoJkQAJeHkaDAPVdhdiUfw2aHq3EH5i2HSCDVtOFcuWwBQ3AZ6LvokNViQqhMAOqD3nuDHVQkxqoJcMOiwksSdl2lqY1kh7QYgPV5p7uZw7O0BwUSvk6AiuBLdx0JOHjMAYGX/wCJHaEg0AcLZswrvOuPJUOmy3QzaBLSzNvyoY/b03oxtFk1BXw9zOi/02OuOGvrCY9yZuYKQpzDGV3T0xxggTRlUZLw8wLQ9R7Arcqkwsg9tjA1OXoJDxdY/u3cFZXkMc6grIqinQycwAuyLJDVRQ9gr67mKP8AAMQnkYjwNlbSoTcljXyAK8BchO8qGq3bZT7sRS2F4WOGTBWdVvgVPLrewQK4Tzxi/gIzBoR+zqii1W5hjtAAB64MukzPez0+Aaa0d1bSWAADrwqUJC2nUCsrRsIVLsKAOxKArB9+J+tVn4sA7ndPj7ph+4MsWA16Ta7vTmRLgGB68EDRRMoznJBNSdYp6MbZlgOjpMCJLKX9MaDVhGLHAZ38A3vNEWsqSqlIo3ZzCe6l2iSM7BcFomp1Ws5N2aio4GxXG+vZB4cFUwnuwd7ugRgCMQtTVYNl16x0AwPCVFclo7b8Rj84DGEMgGqx4XRhxFiROisgA1Mh3jvJ/WsxkigA9z17bDRDH8Mb/sxqgDBpByz+HXTlei83YcoweIxEl3hYqotAnBKl3EmCHEvLfOmOgjtNkjpzb3N7kg768wPM2Hy31CxEhlWzxxOirJkqpV8m/DBYBLC5VaqxcjHaTJar056AqB0OsAB2PXLgs68CquI0/ksykqdVVkjnvAAuBdgiADyMIZzCqqXm71nwBwBO/VQKwIwPCzuHR+6MHgZ68OjgjIN3nNN4Sf3Rw6bZ36QaCFiAg8gLRBgNK5MF7bzA8BnBJASz1lW1KaNsWODwdAN1VxTf+Aaqy3uoYeLIFyvTgEba5csXUw8gEXsWlsjrLj3zKqRATMAPQ2Lbg6CEE1dA1gH8DV6/uRYTnus9TY5e2wqAfJF3AQJ4irwCuPnVlAvY4Sq69NPeHlhUARqoC2BQhOWAAj6xSmB0Tq6wvZaOTIErQS2N6cYFSDxlaAtzcrnVMnBZW9oB4j3SVesyKXWBp0GoOYHRyKpSyKRGWVues5nyX0qsPQt8DPRgqbUxZRraDojannD/AETfCsYASzEiVuGnEw9/3g1MQFgcJ7SqLblD4SvqXEgqxRnGQE7thxyPVpWRCCXC6z3UWVGxy2M0FAHsHQ+iDLVI4fcCMhmUnU+2wGiPRQNbdw+ETIlM99+WZ0FHKQp725BRG06gwNVgAByGxeNDNJOCWfAls3jkSHiGuLu6EGhgB6onAK2RvDN8VQEcfEalRknKFqhIrgI7DxQxj68JqqNuZcFkwFSqxVgWfuFgaQEtHuwDHlK3P2XJQpVnE6e8YETVieeQBqsJ5/VaArdyn7FbbMAAwPG9Ir5sqHkRqbAs+pHx0lPd6dkkNWSsj7TwbbR8RNZdYx4T3nBcDHIPcqyLJH+YcsFmQQlzKlzGQWIPAA9U0gGgT6lSLeZTYzQPlBIaSs5Fh2TwRoNWxyU4GZJKoVRMEJEiJcul3K9jI0Cq2aeFaBN2ALc6klTLDq4EV6pJMBrc0dgb1Vi3PyzRmeCQk6gVnu3yc2sezAizVXp2gGBwED2Qp7sZcRxyrNUNoAwOhc7PeWryrMUoABweqyOjJFqs1LgRgHlC1AWMPDwXewOHkWAK9m5AgFVlfEQRgBYzEWSYnV0TgqxH7QIUwB0RpMpHVOxsLhsfIPVCGApkLmW2pYQXw4fKFMBq2CRpVdZT+PeGNnylggVWyhCKEDA6bjlVWaGq3yMgQ8QDoOgBq3Kx4zdVcfv9WTYbUryr08hgHkp1gE3FBIU1ZiL3nIMpqrYHDHpBgddnWDHuRm2ggwOpcoO83TqvTN5JYB6pYuIbL9iaiNFgQQb5XAMJBSrDWDxd4M5ytlZMSkDwYI0s9P3ngdwGiOpdiRXRsEIB6sMUOd7qt7MaAAeSuyIQSmXYEIIOBqyEgwrwYHku6ANbms8ZmquH3+rXBZ249EhqEYuEC+SkuCs63fDocR4NWxYGISB5cKlw1Uk+klgHq9kYLKx3XON0EIpgA8lScyu69A4athSpCwYHlCmEWSo0YhNGHiEG+syPlXR8vlmYwQNk2j4Ktg1h+QYHlOlgHROp5ar1yo+wM4fljfmPkxNaHBCIiBAVWYwqaUGAeXhrGUTVXLdYBQDD1jwM0f2KYBTMHkcOnPBKL58ExZLCEARgDy1kxTYhss/pQs8hB9aefnJURPrIL9PExMBChhBjrPyS29ejxAPMJZ6leVbI4pAAB606P1JALnxjI9x4cqYdpBKEjEsk9Fg3wAGB5ahqswjj2Lu7TwQYeo2KcYN9czKDiL8EILuuTqlAHuxfaxFGLgVZ3lmnEOfNIhnGRlitzZpLRbJPej+AVdTTZ7jP5RTQQ/Y4K2027WTMEbHaENoHYPOHmo74dAYeygCT+AS93Qnje2AoRZ5p+yfKsK1EiezgGd/QCArM/ZxQL2mRnv1iRb/AhMM9jcoUAGczHypD3gMDD+WwsP8A3H//2Q=='),
(6, 19099456, 'glenn', 'Glenn', 'Toacao', 'glenntoniacao@gmail.com', '0905268395', 'Technical Staff', 'Working Student', 2, 'Activated', NULL),
(7, 19084821, 'hannah', 'Hannah Jane', 'Ferrer', 'hannahjaneferrer2@gmail.com', '0923445642', 'Technical Staff', 'Working Student', 3, 'Activated', NULL),
(8, 20181622, 'jijil31', 'Angel Dianne', 'Ocier', 'angeldianneocier31@gmail.com', '09319100322', 'Technical Staff', 'Working Student', 3, 'Activated', NULL),
(9, 10000003, 'cust1', 'Joe', 'Custodian', 'test@email.com', '12324567', 'Technical Staff', 'Property Custodian', 11, 'Activated', NULL),
(10, 10000004, 'cads1', 'Joe', 'CADS', 'test@email.com', '12324567', 'Technical Staff', 'CADS Director', 11, 'Activated', NULL),
(11, 21212121, '1234', 'Twenty', 'One', '21@mail.com', '2121', 'Technical Staff', 'Working Student', 3, 'Activated', NULL),
(12, 10000005, 'nontech', 'Joe', 'Student', 'test@email.com', '12324567', 'Non-technical Staff', 'Student', 3, 'Activated', NULL);
INSERT INTO `tbuseraccounts` (`user_id`, `user_idnum`, `user_password`, `user_fname`, `user_lname`, `user_email`, `user_contact`, `user_type`, `user_position`, `dept_id`, `user_status`, `user_sign`) VALUES
(13, 90000001, 'service1', 'Brad', 'Service(BMO)', 'test@email.com', '12324567', 'Technical Staff', 'Service Staff', 1, 'Activated', 'iVBORw0KGgoAAAANSUhEUgAAApsAAAEUCAYAAABknP30AAAAAXNSR0IArs4c6QAAIABJREFUeF7t3QfUFNXdx/GrgoItChhLQCNosMaGosGGih3EAhasEcGIgKJY0ASJMSqhCAgGCypij2LQKJaAiKIiYi8RVGyIiqAY7IT3/Oa8s2d2ntnd2d25O2W/9xyOwrN7753PnWf3P7eusnLlypWGhAACCCCAAAIIIICABYFVCDYtqJIlAggggAACCCCAgCNAsMmNgAACCCCAAAIIIGBNgGDTGi0ZI4AAAggggAACCBBscg8ggAACCCCAAAIIWBMg2LRGS8YIIIAAAggggAACBJvcAwgggAACCCCAAALWBAg2rdGSMQIIIIAAAggggADBJvcAAggggAACCCCAgDUBgk1rtGSMAAIIIIAAAgggQLDJPYAAAggggAACCCBgTYBg0xotGSOAAAIIIIAAAggQbHIPIIAAAggggAACCFgTINi0RkvGCCCAAAIIIIAAAgSb3AMIIIAAAggggAAC1gQINq3RkjECCCCAAAIIIIAAwSb3AAIIIIAAAggggIA1AYJNa7RkjAACCCCAAAIIIECwyT2AAAIIIIAAAgggYE2AYNMaLRkjgAACCCCAAAIIEGxyDyCAAAIIIIAAAghYEyDYtEZLxggggAACCCCAAAIEm9wDCCCAAAIIIIAAAtYECDat0ZIxAggggAACCCCAAMEm9wACCCCAAAIIIICANQGCTWu0ZIwAAggggAACCCBAsMk9gAACCCCAAAIIIGBNgGDTGi0ZI4AAAggggAACCBBscg8ggAACCCCAAAIIWBMg2LRGS8YIIIAAAggggAACBJvcAwgggAACCCCAAALWBAg2rdGSMQIIIIAAAggggADBJvcAAggggAACCCCAgDUBgk1rtGSMAAIIIIAAAgggQLDJPYAAAggggAACCCBgTYBg0xotGSOAAAIIIIAAAggQbHIPIIAAAggggAACCFgTINi0RkvGCCCAAAIIIIAAAgSb3AMIIIAAAggggAAC1gQINq3RkjECCCCAAAIIIIAAwSb3AAIIIIAAAggggIA1AYJNa7RkjAACCCCAAAIIIECwyT2AAAIIIIAAAgggYE2AYNMaLRkjgAACCCCAAAIIEGxyDyCAAAIIIIAAAghYEyDYtEZLxggggAACCCCAAAIEm9wDCCCAAAIIIIAAAtYECDat0ZIxAggggAACCCCAAMEm9wACCCCAAAIIIICANQGCTWu0ZIwAAggggAACCCBAsMk9gAACCCCAAAIIIGBNgGDTGi0ZI4AAAggggAACCBBscg8ggAACCCCAAAIIWBMg2LRGS8YIIIAAAggggAACBJvcAwgggAACCCCAAALWBAg2rdGSMQIIIIAAAggggADBJvcAAggggAACCCCAgDUBgk1rtGSMAAIIIIAAAgggQLDJPYAAAggggAACCCBgTYBg0xotGSOAAAIIIIAAAggQbHIPIIAAAggggAACCFgTINi0RkvGCCCAAAIIIIAAAgSb3AMIIIAAAggggAAC1gQINq3RkjECCCCAAAIIIIAAwSb3AAIIIIAAAggggIA1AYJNa7RkjAACCCCAAAIIIECwyT2AAAIIIIAAAgggYE2AYNMaLRkjgAACCCCAAAIIEGxyDyCAAAIIIIAAAghYEyDYtEZLxggggAACCCCAAAIEm9wDCCCAAAIIIIAAAtYECDat0ZIxAggggAACCCCAAMEm9wACCCCAAAIIIICANQGCTWu0ZIwAAggggAACCCBAsMk9gAACCCCAAAIIIGBNgGDTGi0ZI4AAAggggAACCBBscg8ggAACCCCAAAIIWBMg2LRGS8YIIIAAAggggAACBJvcAwgggAACCCCAAALWBAg2rdGSMQIIIIAAAggggADBJvcAAggggAACCCCAgDUBgk1rtGSMAAIIIIAAAgggQLDJPYAAAggggAACCCBgTYBg0xotGSOAAAIIIIAAAggQbHIPIIAAAggggAACCFgTINi0RkvGCCCAAAIIIIAAAgSb3AMIIIAAAggggAAC1gQINq3RkjECCCCAAAIIIIAAwSb3AAIIIIAAAggggIA1AYJNa7RkjAACCCCAAAIIIECwyT2AAAIIIIAAAgggYE2AYNMabTwZf/HFF2aDDTYwt9xyi/nggw9ylVi4cKHZZJNNzHPPPWfWW289s2DBArPVVlvlVfLXv/618+/HH3+8WX311Z2f7bvvvvFcCKUigAACNRQYMmSIGTx4cA1LpCgE6keAYDPlbf3kk0+aGTNmmA033NCMGTPGzJ8/3/z444+RXZWCTQWgxxxzjGnRooVp37698/ddd93VKLDVz91ANrJCyQgBBBCoocAqq6zilLbLLruYOXPm1LBkikKgPgQINlPYzlOmTDHPPPOMGTp0aOy133zzzc37779vLrvsMnoFYm8NKoAAAuUKqEdTn19umj59OiM65SLyegRKCBBspugWGTdunJk2bZq57777EldrDdF/8skniasXFUIAAQSKCfTv39+MHj0695KlS5c6U41ICCAQnQDBZnSWVnM68sgjzQMPPGC1jGoy79y5s1GPKwkBBBBIi8BDDz1k9NnlTX//+99N796903IJ1BOBVAgQbCa4mfSE/cQTT5g+ffo48yPDpGbNmpk2bdoYLfZx51Tqfdtss41p2rSp+fDDD836669v3nnnHbPZZpvlZekuEHr99dfNxhtv7Mz/PProo43q0a1bt9xrFfRqnqby32effZz/7rHHHqZly5ZhqshrEEAAgUQIKKi8/vrr8+rSq1cvM378+ETUj0ogkBUBgs2EtuRXX31lHn/8cdO9e/eSNdQiHQWDhx56qBNkkhBAAAEESgvo8/Xee+/NeyHzz0u78QoEyhUg2CxXrEavv/XWW82pp54aWFrjxo3NJZdc4vQqsjVRjRqEYhBAIHMC7ip074URbGaumbmgBAgQbCagEfxVePnll02HDh3Mt99+m/cjDX/37NnTnHDCCWbHHXdMYM2pEgIIIJAOgcWLFzt7EvvT22+/bdq2bZuOi6CWCKREgGAzgQ01fPhwc/755+fVTD2YZ511Vt7cyQRWnSohgAACqRAI+pxV8Pn555+nov5UEoE0CRBsJrC11l13XfPNN9/k1ezyyy83l156aQJrS5UQQACB9AlsvfXWRr2Y3jR27FjnoZ6EAALRChBsRutZdW533nmnM0zuTerV1EbDJAQQQACBaAQaNWpkVqxYkZeZDqhgkWU0vuSCgFeAYDNh90PHjh2NjqD0psmTJ5uuXbsmrKZUBwEEEEinQJcuXcyDDz6YV3nNg3/ppZfSeUHUGoGECxBsJqyBglZHcqJFwhqJ6iCAQGoFtNWRf0s5TV3S/sF62CchgED0AgSb0ZtWlWOrVq3Mxx9/nJeHnrZZfV4VK29GAAEEHIFtt93WvPnmm3kaAwcONEOHDkUIAQQsCRBsWoKtNNuDDjrIPPbYY7m3r7nmmmb58uWVZsf7EEAAAQQ8AvpM/e6773ig565AoIYCBJs1xA5T1P7772+mTZuW91ImrYeR4zUIIIBAcYH27dub2bNn517UpEkTc9FFF5nBgwdDhwACFgUINi3iVpL1LbfcYk477bS8t958880FTxOqpAzegwACCNSbwE477WR0YIabWrRo4RxVySls9XYncL1xCBBsxqFepMyHHnrIdO7cOe8V/fr1M6NGjUpYTakOAgggkA6BPn36mHHjxuVVlmMp09F21DIbAgSbCWvHL774wvzyl7/Mq9Vaa63lbD7csmXLhNWW6iCAAALJFhg5cqQZMGBAXiV32WUXM2fOnGRXnNohkCEBgs0ENmbQXpt33HGHOf744xNYW6qEAAIIJFNAw+YaPvcmrUZ//fXXk1lhaoVARgUINhPYsNdee63p27dvXs10qoU2Id5uu+0SWGOqhAACCCRLYNiwYUZbGnnTqquual599VVn+yMSAgjUToBgs3bWZZUU1LvZs2dPc8MNN5SVDy9GAAEE6k1g+PDh5sILL2xwHOXEiRPNSSedVG8cXC8CsQsQbMbeBMEVCDojvXXr1ubdd99NaI2pFgIIIBC/gI771Y4eCxYsyKuMNm3393TGX1tqgEB9CBBsJrSdv/rqK9OmTRuzZMmSvBpqKP3www9PaK2pFgIIIBCvgH+LI9VGJ7N9+OGH8VaM0hGoYwGCzQQ3vjYbvvrqq/Nq2K1bN3PNNdeYTTbZJME1p2oIIIBAPAKrr766+emnn/IKj2uv4jfeeMPMmDHDqLdV80RffPFF89prrxnNwdexxNp9RMGxXqf/178feOCBzuf7PvvsY/773//SuRDPbUSpEQsQbEYMGmV2GgbaY489zKJFi/KyZX+4KJXJCwEEsiLQpUsXZyGlN2lIfcKECTW7RH1u33rrreb66683CxcujKTcXr16mXfeecfohLkdd9zRrL322mxGH4ksmdRKgGCzVtIVljNkyBCj4NKbNHdz5syZ9G5WaMrbEEAgewLqNWzXrl3ehbVt29bZo7gWSeUrKNS8+q+//roWRToBp/6oF5STkGpCTiEVChBsVghXq7fpKblDhw4NnpDp3axVC1AOAgikQeCwww4zDz/8cF5Vn3rqKbPXXntZrb46BHTMsH9BktVCAzJXoHvAAQcYTbUiIZA0AYLNpLVIQH2C5m6qd1Pbe3Tt2jUFV0AVEUAAAbsCOuv8yy+/zBVy7rnnmhEjRlgrNGjUqVhhmoe5/vrrm6VLl5rddtvN2Vg+aM5mtUHrb37zG3Psscea/v37m+bNm1u7fjJGoBwBgs1ytGJ6rSaXn3322c4kcm/Sk7zOUichgAAC9SygeZnqXXRTjx49zKRJk6yQ3Hvvvcb9U6yA3/3ud+aUU04xOhpTQd96663n/CmV3EVFr7zyijNVSqNYOsL4888/L/XWBj9Xb6dOnmOIvWw63hCxAMFmxKC2sguaj6Sypk+fzgeJLXTyRQCBQAE9AM+ePds0btzYmRMZZ0DzxBNPmE6dOuXqqVXf999/v1EPX9RJw/QXXHBBgwd/txwFd1pdvtVWW0X+uXzjjTc6c0G1Qt0/j7/UdWpo/corr3S20yMhEIcAwWYc6hWWGTQnibmbFWLyNgQQKFtAQeZ5551n5s6d2+C9Z5xxhunXr1/Nj9Q95JBDzNSpU3P1sbXNUbFh81NPPdVcfPHFVgLcQo2kttC2Supl9Y96Bb1HQbhWyaunlYRArQUINmstXkV5t99+u9EH+nfffZfLZYMNNqhoeKWKavBWBBCoIwEdMKHARsc/avudYkkBzbPPPmvWWWedmghpqFyB3ooVK5zyFEjNmTMn8rL79OnjBHWaY+lNKk9nsMc5TO22j7Z8CrPFk+aKcjZ85LcIGZYQINhM2S0yYMAAM3LkyLxaa+hm/PjxKbsSqosAAkkV0LSdUaNGObtgzJs3r6zTd+644w5nWL0W6bjjjjN33323U9Rqq61mbrvttsjL3n333c3zzz/f4HLOPPNMc91119XiMkOXoXqqZ/fRRx8tuDpegbGmX5EQqKUAwWYttSMoSysVtZLR/4R9zz33sOVFBL5kgUA9CHzyySdGJ+2ox/KDDz4wy5cvdwLLf/7zn+abb74x3377bSiGVVZZxaxcuTKWh1/1oGoRjps0L1Gfg1El9WR27969QXaak3nEEUeYwYMHR1VU5PmoB1qbymvHkqCkYFQnFZEQqJUAwWatpCMsJ+hDUFtqaFJ8nMM5EV4iWSGAQBUCChgVcOjwBwWQCiy1sllHJeqYxM8++6zi3I866iiz7rrrOsGKHn4HDRrUIC9/AFpxYUXe2Lt3byegcpOGz6Oaj1hofqYCWvePjWuKOk//4ik3/549e5obbrgh6uLID4GCAgSbKbw51KupoZ333nsvr/aaU3XVVVel8IqoMgIIVCugoe9Zs2Y5q461YlkBZ1RJ8yJ1bnfQSTWan6ny3LT55ps3+GyKqh5uPv7dOaLs1SzUo5nWz1f1/qoX2Jv0/eH/t6jbiPwQ8AoQbKb0fgh68lbPxTPPPON8KZAQQCD7AlqF/Ne//tVZlayh8SiS9nTcZpttnLmP2j5IixCLLSjRqIoWqbhJ76+m5zTMNRx00EHmsccey71Ue1L+9re/DfPWoq8pFGimeZqShv1ffvnlvOtmF5OqbxUyKFOAYLNMsKS8XPOrNIzl3/Ii6R8iixcvduZ4ffjhh7kN6bXxseaMqceWaQBJucOoR1IFNM9SD5saEveemFOsvo0aNTI///yzEzT++OOPzg4WOmFH6c0333T2y9Q8xJYtW5o99tijrEv3b6iuN7///vvWHnr989b/8Ic/mHHjxpVV56AXa1N4ufpP8En6Z2qxCw/aLk+v196oOjeehECtBAg2ayVtoZygp/C1117bfPTRR6FOqrBQpVyW+kLUnDENd2lelYa51BOhTYmLJc25Ug+temk0HLfGGms4vSubbbaZ8+VFMGqz1cg7qQKaZ6lhT628vu+++0pWc+eddza/+tWvzOGHH+6cPrP//vs7gamNUQ/1gN511115dbIZbGovzzFjxuTKW7ZsWdVbLWlua5cuXfJ6aFVALeaelmzMCl6gz91zzjnHPP300w3erSkRWrFOQqCWAgSbtdS2UFZQr8LkyZNrfma6htFuuummXICpDztbSQGnvkT1ZL7ddts5X6rqmSEhkDUBjVxMnDjRWWVd7MzsTTfd1Oy3337O6mltcl7LpN/Ff/3rX3lFfv/9986Doo2kFfBuimIbn6BFNArKL730UnP66afbuARreeqBRD203oVT3sL00H/NNdc4D/QkBGopQLBZS20LZV1yySXOnC1viuIDOExV1XOpjYT14aVeE+9m82HeH9VrWrVq5Qz//eMf/+BDNCpU8olVQA9vZ599tjMa4N/mzFuxJJx9rYMmdJSiN2lkwkZAo4MtTjzxxFxR2lfT+/dyG01bA11xxRVm6dKlubfq/HLtZawewDSkTz/91Pz5z382r776qrNArFBiTn8aWjO7dSTYzEDbaq7VlClT8q7E1pnp+uLT8L3+KNjU3NEkJZ1J/Pvf/9706NHDypddkq61WF20T6IWiz3wwAPOnonqFdM8raZNm5pf/OIXzjQLPZQkea/AtFhHWc/58+ebl156ySiI9C668ZahBTvqodKcyy222CLK4ivKSz1pGmHxJlun1OjBUlMKlKp9qH7kkUecgN6/q8dTTz1l9tprr4osavkmTVXS57DOay/W6606bbzxxs7ngaYmkRCIQ4BgMw71iMsMmrsZ5VYgbnX14Xb++ec78zDLTW3atHG2YtH+fGuttZbRCknvB6SGC90eHD2BRxHEajGEhvi09YfmY9VDUhspWFGPj/4bJqV5AUSY60vDaxSwXXvttU7v1E8//RRY5e23397pwVKQpYeFpKSgYNPGnE3Z7LDDDrnL1jZv2o6okqRh5j/96U95q+a1ql7TFQ444IBKsrT+Hv1ua1X5W2+9VXCYPKgSenDRIqodd9zReh0pAIFCAgSbGbk3FMz5n9AVbET1AaNFCfrAKjak51KqzC233NIceuihTu+M/h52YY96S7WgQR+qWjWrgPTOO+90Vq9rxXqlW6poDpZW2WporHnz5pFt/pyk20fbwWhBQNjTX7x1184GWnShxVik8AJavVxN77ACtVtvvdU5yadQ0j178cUXJ7ZtNISuoXRv0hxO/f5HmfTAqGk7Snpg1dSdSuaFBj2caxqOFtScd955UVa54rx0P2g7K/Vijx071tlJoNS59N7C9HknLwWanINecTPwxggFCDYjxIwzK/9pGqqLzkvXh021ScGeJsoXm5PZokULoyHss846y1mgYKvnRT2g+hDWvnoaFtLf11xzzbIDrKhsqrWt9v0K/vXFpC/KanuD1Rs+YsQIZ/5rlEk92lowoocFJRsroqOsb9i83IUq2kFBp9eUm44++mijxXyFVjynZdVwUM+mAiR9FkSZvAuDlLfKKDcF7U/cunVrZ3Fj2AfisGXq99KbpzoDtJuARoY0HUAP1Ppd0J///Oc/RsP3GoXR6yoZPVK99Fk4evRoZ1s8lUFCICkCBJtJaYkq66E5mlqN6k0KNBVUVZMeeugh07dv34JzghSgaL7WnnvuWfX2I5XUU8GmeuMUeLq9rlpdqgn/L7zwQsF6Vzvfq5K6lnqPe9Zzs2bNzKRJk0quKlbbaKWyemqiSlG5qEdbvaxB9dMuAuopT2uPi4Ir9fIrgHZTOXOkg4Izf/s9/vjjiR3O9ddVow/+uYBRB5sKvNUD7KZKFgbp96RPnz4NRmfUMxv1qnO3F1Ybza9YscJ50Co1r7Ka3+GNNtrInHnmmc5cXm3IT0IgaQIEm0lrkSrqoyfkDz74IJeD5kXOnTu34hz14XjBBRcEBjP6UDv55JOdOZFJTgpGtWm1vmjUc6BheA1Naa5XUobMXD9t4+Ru0l+sV0s9hVOnTg384vS3hYLHgw8+2Kj3RgG4Fgdpr1MNc/oXlbnvrabXVz00qrs2HHd7MgvdH7ZWLNu8H4N6xvbee2+nt71UUttq8drs2bMLvlQPbhMmTCiVVeJ+rq3HNNTrpqi3X9P2Zm7PvX5/tSl9ucnbM6r3ujtYtG/fvtysir6+0ClEkRby/5lpIWSnTp2cY0SzMmJgw4k84xcg2Iy/DSKrQceOHRvM/dKiAz3NV5IK9cBoE2dtt5TGDzed4azpAPrCSlLSpthydZOGwtSjHJTCfJlpiPbYY491ejqCkjb+18NC0FxBPaSoV1JDcmGTu0NBOb2s6tnUquW0JPWmqffIPydWC00UhBZL6glVD5o3IPO+Xr3zmpeZlu12/Neqe8U7zUbbofXv3z+Spr3ooovM1Vdfnctr2LBhZT8oeud7uoGmFgnZ2JN0yZIlzrxwG0mfWx06dHDmwevktTR+BttwIc/kCxBsJr+NQtdQq4r9X3r6AvPvwxk2ww033LBBD4LmBg4aNChxwVrYa0rq63bffXfz/PPPO9UrFISpZ0xBaKENm/VePVi0a9cuVNCiuWF6GNGegv6kDa0vv/zyklwaytdehcUWuBTLpJLAoWSlLLxAQbSGWtWr7E9qt9122y2wVLWZttcp5KMeZwX91SwysnC5ZWepHnOd5OOmKOebatqFuzhGD0KaV1zO/Mqg3uhypj2UjWGM0RZW2hNUSb2wGl2p5HdEO3No9EiLGzlBrZKW4D1JESDYTEpLRFAPnQ/s78Ws9EM/aB6WqnjDDTeYnj17RlDb9GShLyv1KCjgUG+hereiTFoFriP43BS0FZECQ/XwFOo5dFetFurJLFZfzfHSdireFGZoWFMstHjM3fewUBn6klRPz+LFi/Omeej1nTt3LjicH6VxNXlpuoF6mbUjgj8Vm+OqQFobhhfaL1N56uEh7UkBtY7H1O4RbvrLX/5idOBEtUnTXYYOHZrLRvect5ezVP5Bn4m2A81CddLvmK5FQacW8Oih0V0gpBEXbb2kVf2afuL2WJYTVJey4OcIxClAsBmnfsRlBwWI+tDSnneVJP8cJ+WhVaCad6YVuFlMWgXq/tEiFm2v4k86Vziq4c6gNvNviK1Nm7XoKagHUnVTT6h6KCv9YvIPMbrXW2iVtAKoO+64w+mtKZTWXnttZ6hPQbT2LdQXqb5kNdXDm6q5P2tx/6nOeoALulbNldMJP0Ep6BhZ7+sUoGseYhaSet2ee+65vEvRCEih+7Wca15nnXWMAjE3aU5w2O259LuluYzeh4RKV7GXU2deiwACDQUINjN2V2gI1b9tRqWneagHr9Bqdk2q13ynNA//aU6q9ulTD4M7PBpmyxEdj6f5e1EkBTLqfXGTv1dTX5j6Ml+0aFFgcZVuu+PNbNq0aWb//fdvkL/2NPQuAJs5c6bzoKEhwmJJ1xA0nyxoDnDSezbVU6xjUP1Jw5vq5ffvJVmqB1pb22hVdRJO/oni/vXPp1SeURyLqMVsf/vb38yVV16Zq6bmvXp/V0rVX+/VlB83yXzevHml3sbPEUDAggDBpgXUOLPUFiT+LTYqPc1Dw4c6Es+/Wbz/+pJwPnMhc3eelFYL6/813KwtkbRNUqnV0oXyVECqYcNqU9BcMu+DQdApJ94yo9jaSvnJQhvp+5NOU1GwpS2ZtHJf/y2W9FoNexbq9Q4KNqtZ+V6tf6n3q5318OZPq666qhMw+s/k1v2l+ZnujgLe96k3TkPLlUxzKFXPOH6unlndD927d29QvAI89X5Xk/yL4LRyXIvawqaBAwcaTWPwpjTufhD2enkdAkkXINhMeguVUT+tIPaf6athSh3zpuGoSpICIs0r0wrLMEkBkL5YNYSqYUJt9G4z6Ytdp4loOFObGGtrIwVs6qnUv1W7t516Pn/44QdnUYIWQOgc+ihOZVJgogUn3kDeO8QXtEm/66g99bRyXXWKIqkOOoHKn1QHrTIuNRyq4WT18GnotFjSPFD1jnpTpXOKo7juUnkETSPRe7Sgx7vno/5NC6XUS+tP6pVWQKa2XX311UsVmZqf64EiaFs1TZnQHqHVJN2P6ml3f3c1JSNoYVahMjSP+IQTTsj7MUeyVtMivBeB6gUINqs3TEwOQZPhNWepklWQ3otSL4Mm5lcSuCnYdYeCFbipZ1E9ad75hVqgojl92phdiybUo7rrrrs68+TUG6HgTnPCNF9Lr1OPZBSBZFDDuedOa4qAvlA1H7JJkyaRtrHmgWqR1QMPPJCXr/Zf1HUH9Xh6Xxj1F6d6jDbddNMG16gvee98uSAEBaQKNMOcPa+gVHNPvUnDmkkcUtZDhX8f0nXXXdcMGDAgcOqIfzqE7nvNa9Wm3noYyko6//zznd0HgtJRRx3lTC3QoQTlJH0euFtnadrGrFmzzP3335/LQr3B6mUPk7RqXce2ej+rojqoIEz5vAYBBIIFCDYzdGcE7bN50kknOae4VJsUsOoLQT1T2rA77UnBlXrtjjvuOOdSajn3NOihQHXQghwNnStcvsqwAAAWq0lEQVSAC0oKerWiNeq99bRKvNx9RzUvTytrtal02LTZZps1WNFd6RSPsGVW8rqgRVs6flX3v3rugpL2mNROBfrdUG9tLe+nSq6xnPdo9EDzVrVrQtCCOeWlEQ0tBqvkVCiZ/vvf/w6skgLNq666yjmUIEzyfwaWO/wepgxegwAC5QsQbJZvlsh3FNroW3u8lRtIlLpAbUCu7UPUS1VqPmepvGr1c/Vu6I96etVTauvs9lLXo+FA9bz45z+6pzEFzYFTnvoS19CtrV0Agub6FroW1UHBRzlBb9Q7JZRyrubnQSvJ1dN25JFHVpNt6t6rB0z1YmqKQKGkqQFaNHbddddVdH0KZHVyVlBSr/Arr7wSOl/ta+mfR+vOOw6dCS9EAAErAgSbVlhrm6kWWfzxj39scOav7flwOvZQQ98KdHX8oXs2ua5eiyj+97//WYdQD5uCHw35qrdSc0Q1bKmh+aZNm4buEbFe0f8voNBDgXqgC61wV++MrdNO3OveeOONC65499poGFWrhMtNCk79i2M071RDzUlKmqrhn2eclf0wwzrr91i977pXgxY7uflE4VKsJ19TZ8o5StJ7MILqqMVq6hUlIYBA/AIEm/G3QVU10Be2ehqDkobPFcTUKrmLddTjpe1xNK9Scyz1haJFQ5r/p8UD3qBUdVOPo/7N3Rxai5E0d1H/pl5Z9eqph1bHBGroW3/Xf9N4okZQD6J7XnlQOymY1jGHNo7V85ZXap6o5uNNmjTJCeArSf7NuZVH1HNPK6mX/z1vv/222XrrrXP/rIcmHbsY1WKsKOpoMw/NI9ZRk6XOelcwqs+eakcIgrZq0/UV2uO10LX793DVwiydnFbp3rM2jckbgXoUINhMYau7c6i06Xih+ZNpmBTvLlyqly+EoK1/SvUAKzgvNE8wyltXi4Q0B1Obw7upUaNGZs8993R6H9XzWWnSQ4aCZv+K4rFjxzqrtJOU1FvnNXDrNmfOHGtTGJJy/aVOhNIpUPKJaj6qdo7Qzgr+pLmfo0aNKotFAbK2aXNTEh9kyrogXoxAxgQINlPSoAostaWP9v7TZtvFklb3KkgpZ05dShhSXc1y5kXqQuOYb6YjBzUPT72pUR1LWmjqgHquW7RokZg21d6R2j4rKEV1Ik5iLtZXEc11dM/yDqqjAlH1rkf5YBjUm961a1czefLkspl0hKU2mHdTXEdSll1x3oBAnQgQbCakobWAYsMNN3S2+3En5LubkGs+pIaQwyTtl6hAIcovhTDl8priAlptG7aHUlMOtCClkpW9SWwH7f2qPWC9SYtKbrrppkRVt9BemaqkNr2/+OKLS+4lmqgLClkZBZKF5uHusMMOzhnntjaj9+5lqtOVNAe8kqQHI+/9pC2YonpYqqQ+vAcBBPIFCDZjuCO04li9Pep5dPfg09C4PnjLnavkrb72BtRQaNizg2O49LotUu2ieYulkjbC1xel7TmapeoR1c/1kKR5u+ox9aYkDktrR4Bix5Aq4NTQb5ZSoTnf+mzSVk46OSrq3Sy8ftoySsPmut81L7jS5N/yiGH0SiV5HwJ2BAg27bgWzNU/tyiK4jUZXh+uBx54YBTZkYcFgaA9UP3FqOdTvUhZ6pXWdA7/famdAoqtcrbAHypL/4lBu+22m9FG+96k1c1aIZ32NtICH8291B6rQfehejqjOCkrFHwEL9JiRG0p5iYt6PLO4YygCLJAAIEqBAg2q8Cr5K06Rk3HqVWbtOBCPZjqFai3/f+qtYvj/aWCTR3PpwcGLcjJUtI8Os2n86ajjz7a2aczScm/BY/mrWpLMR0p6t/CK4ojGeO6dgVhEyZMCAz2FZxpJf4ZZ5wRV/UqLte/+I6ezYopeSMCVgQINq2wFs5UK3MLnVMeNIyu4SxNmteXgHqE2rZt62wDlJX5fDXmj624YouDNEyp4w6jWuUb20UGFBy0tU0Sh9D9wabOOddxlUHBsi6zmhNzat0+mvutILPYwsJK90+t9bUUKu/ll182O+20U+7H2ntX9xkJAQSSIUCwGVM7aCWmju/TnE0FG/qjxT3vvvtubh/KtA/VxUSbyGL9+wC6ldTDhPYD1Ny5rCVtIaStcrxJD1rLli1L3KX6h9Dd1cwaZtbCE+9KZ7fyGlnQJvBxJ3c/WgWTstW8X50Rrs8Y9couWrSoYBXVPocddljeEHTc11Np+f42VM+0HgpICCAQvwDBZvxtQA3qRMC/vYyG+k455ZTMblG19957m5kzZ+a1ruY8hlkoVctbQoGZRgy8ybtQTw8KCjaff/75wGrp4ASNPlSzwCXM9bq7UzRu3NhZvKODDTRSoj1Sly5dGiaL3Gt02paCUZ0ylpU0YMAAM3LkyILtmJXr5DoQSKMAwWYaW406p1pAX/JZHDL3Nop/WNP9WRL3P/Tv91joGM1ie1HqFCgF1xp6rzYp+FWP6dy5c40CTP1daeHChVVlrdET9WJquFlzvbOY/L2b2rJJDzitW7fO4uVyTQikRoBgMzVNRUURSI/A8OHDjeYBepM7DzJpV6G50G+99VauWsUWlwQdu+m9Hg1hK/DUlk8333yzs+VToV0idDTm3Xffbd5//33z9ddfG20qH9U8Q/coV+3dq3TwwQenfgV9mPtGPZvq4fQnzR2+4oorjBbqqWeYhAACtRUg2KytN6UhUBcCQafDKPhK2rCt5kjrxC03NWnSxGjvx2JJvbZaYX/XXXeFbkvNHdQpYJqn3aFDB2ceaNiDGgoVovmvGg73briuXQ3Ui6fdKuo19e7d22jBV1Dab7/9zHHHHeds+O7vBa1XL64bgVoIEGzWQpkyEKgzAZ0E493Gadddd22wZ2USSCZNmmQ059JNYXtftRDn2WefNc8995yzZZXtpCBYvZUKlA4//HDnnHkWEAarv/fee8759v75m95XN2rUyJn3qqkR6vUlIYCAXQGCTbu+5I5A3QrolCz9Uc+hgjgdPpC05O8F0x6Up512WtnV1Lni6vEcNmxY2e8t9gYFsvvss4/ZfffdjQJOUngB3XvqwQyz+4Hmsuq4zPXWW89p/6ZNm4YviFcigEBJAYLNkkS8AAEEsigQtAo9igVMWrU+depU88gjjziLe7RSXL2SCxYsKMi4xhprONufKThSYKnAp9B+vFlsC1vXpK2ftOBLJ1mVs2Jf7aG5t3pAUjsony233NK0bNnSmaLQqlUrZ4spTbnQf7OStCBNPea6b3XMrO5J/duMGTOcS9Q0EO28oKCchEA5AgSb5WjxWgQQyIyAf8N2zX285557rF2fgs2vvvrKOQbS/X/9XQc0aNEKX+DW6M0nn3zinAil09vmz58fWUGa99msWTNnj2Qd3LDqqquan376yWhTefXof/nll87f9bCh12hLLfdEKv2/Xq8/q622mtNzrf8qgNVrFNQuWbLEmVvaokULZzcC5aNAUPNyP/30U+d1um+WL1/u3FPuMbDuASEqQ3vFvvnmm7lylI+mEWgxmspTUKn7UOmzzz5z6v7iiy86/14oQPduDRYZJhllWoBgM9PNy8UhgEAhAS3UmTVrVu7HSVzAROtFL/DCCy+YiRMnmhtvvNF8//330RdgIUcdn6qdDRQk/vzzzxZKKC9LnWKnXk8SAmEFCDbDSvE6BBDIjIBWk/tPBaK3JjPNG+pCfvjhB2eBlxazPf30084fLbyq16SeVQXfOhlLga16ZhXYqrdUp1RpeF09q5pDnLRdJeq1zdJ03QSbaWot6ooAApEIXHnllWbQoEG5vLQq+bbbboskbzJJr8BLL73k7HmqpH1PNRytIOy1117LXZSmQbz++utOIKagTKvf3SNBNeytn0X94LLddts5Q/Iaip83b54zZK9hdAV/xZLq3r59+9w2T7qerbfe2hl+32ijjXJvVc+p5go/9dRT7HKQ3ts30TUn2Ex081A5BBCIWkA9Nfry9qbZs2cbbc9EQiAKAQWq/rmhmjeqIM8NRLXYSPM1/UkLjrQYiYRAlgQINrPUmlwLAgiUFPCfoX3IIYeYhx9+uOT7eAECCCCAQGUCBJuVufEuBBBIqYB6Nd1Vu7qEBx980NkonYQAAgggYEeAYNOOK7kigEACBQYOHJi38bq2eYnqPPIEXi5VQgABBBIhQLCZiGagEgggYFsgaBN3ejVtq5M/AgggYAzBJncBAgjUhcDJJ5+ct+Jcm6lr5TAJAQQQQMCuAMGmXV9yRwCBhAho9a9WBLtJG7on8bz2hHBRDQQQQCAyAYLNyCjJCAEEkirQr18/M2bMmFz1NFdT5z2vtdZaSa0y9UIAAQQyI0CwmZmm5EIQQCBI4MknnzQdO3bM+9Grr75qtt9+e8AQQAABBGogQLBZA2SKQACB+ATatWtnXnzxxVwF+vbta0aPHh1fhSgZAQQQqDMBgs06a3AuF4F6EhgyZIi57LLLcpeseZsfffRRPRFwrQgggEDsAgSbsTcBFUAAARsCjz76qDn44IPzsh4/frzp1auXjeLIEwEEEECggADBJrcGAghkUsC/KGjvvfd2FgWREEAAAQRqK0CwWVtvSkMAgRoIjBw50ugMdG/68ssvTbNmzWpQOkUggAACCHgFCDa5HxBAIFMC9957r+nevXveNU2fPt3su+++mbpOLgYBBBBIiwDBZlpainoigEBJAQWavXv3NkuXLs29tnPnzmbKlCkl38sLEEAAAQTsCBBs2nElVwQQiEFgv/32M+rF9KZ58+aZLbbYIobaUCQCCCCAgAQINrkPEEAgEwKnnXaaueWWW/Ku5eabbzannnpqJq6Pi0AAAQTSKkCwmdaWo94IIJATCDolqFOnTuaxxx5DCQEEEEAgZgGCzZgbgOIRQKA6gQULFphjjjkm75SgNddc0yxfvry6jHk3AggggEAkAgSbkTCSCQIIxCXQp08fM27cuFzxOiVo6tSpZtttt42rSpSLAAIIIOARINjkdkAAgdQK3HjjjeaMM87Iq//AgQPN0KFDU3tNVBwBBBDImgDBZtZalOtBoE4E3njjDdOxY0fzxRdf5K5Yi4G0KIiEAAIIIJAcAYLN5LQFNUEAgZACWhCkofKrr77aeUfjxo2dHs6xY8eGzIGXIYAAAgjUSoBgs1bSlIMAApEIzJ8/3wwaNMhoA3c3TZo0yfTo0SOS/MkEAQQQQCBaAYLNaD3JDQEELAucd955ZsSIEblS9P/nnnuu5VLJHgEEEECgUgGCzUrleB8CCNRcwH/uea9evcz48eNrXg8KRAABBBAIL0CwGd6KVyKAQIwCTzzxhNFG7W7aaKONzMyZMzmKMsY2oWgEEEAgjADBZhglXoMAArEKqEdzyJAhRivQ3XTZZZeZwYMHx1ovCkcAAQQQKC1AsFnaiFcggECMAsuWLTPt2rUz8+bNI9CMsR0oGgEEEKhUgGCzUjnehwACNRFQj6Z6Md3UrVs3c88999SkbApBAAEEEKhegGCzekNyQAABSwIKNLV3prtx+zbbbOP8fd9997VUItkigAACCEQtQLAZtSj5IYBAZAJt27Y177zzjpOfzjxXoNmlS5fI8icjBBBAAAH7AgSb9o0pAQEEKhC48MIL884458zzChB5CwIIIJAAAYLNBDQCVUAAgXyBhQsXmp133tl89tlnzg80bD59+nSYEEAAAQRSKECwmcJGo8oIZF3Avyho8uTJpmvXrlm/bK4PAQQQyKQAwWYmm5WLQiC9Av5Tgvr27WtGjx6d3gui5ggggECdCxBs1vkNwOUjkDSBI444wkyZMsWp1iabbGJee+0106xZs6RVk/oggAACCIQUINgMCcXLEEDAvsC4cePMgAEDzA8//OAUpv00ta8mCQEEEEAgvQIEm+ltO2qOQKYEFixYYM466yzzyCOPONfVqlUr53jKddZZJ1PXycUggAAC9SZAsFlvLc71IpBQgf79++fNzZw0aZLp0aNHQmtLtRBAAAEEwgoQbIaV4nUIIGBVQPMyly5d6pTRuXPn3LxNq4WSOQIIIICAdQGCTevEFIAAAqUETj/9dDNhwoTcy7SnJkdSllLj5wgggEA6BAg209FO1BKBzAlojqb205w6dapZtGhR7vqOOeYYo+2PSAgggAAC2RAg2MxGO3IVCKRK4OOPPzY77bSTWbx4cV69dWrQrFmzzBprrJGq66GyCCCAAAKFBQg2uTsQQKDmAv369TNjxoxpUO7ll19uLr300prXhwIRQAABBOwJEGzasyVnBBAoILDlllua+fPnN/jpiBEjzLnnnosbAggggECGBAg2M9SYXAoCaRDo3bu3uf766xtUtUmTJua7775LwyVQRwQQQACBMgQINsvA4qUIIFCdgOZqarP2oMQK9OpseTcCCCCQVAGCzaS2DPVCIKMCzZs3N0uWLMm7upEjR5pzzjkno1fMZSGAAAL1LUCwWd/tz9UjUHOB22+/3Zx44ol55a5cubLm9aBABBBAAIHaCBBs1saZUhBAwCOwbNkyM2DAAHPQQQeZbt26YYMAAgggkGEBgs0MNy6XhgACCCCAAAIIxC1AsBl3C1A+AggggAACCCCQYQGCzQw3LpeGAAIIIIAAAgjELUCwGXcLUD4CCCCAAAIIIJBhAYLNDDcul4YAAggggAACCMQtQLAZdwtQPgIIIIAAAgggkGEBgs0MNy6XhgACCCCAAAIIxC1AsBl3C1A+AggggAACCCCQYQGCzQw3LpeGAAIIIIAAAgjELUCwGXcLUD4CCCCAAAIIIJBhAYLNDDcul4YAAggggAACCMQtQLAZdwtQPgIIIIAAAgggkGEBgs0MNy6XhgACCCCAAAIIxC1AsBl3C1A+AggggAACCCCQYQGCzQw3LpeGAAIIIIAAAgjELUCwGXcLUD4CCCCAAAIIIJBhAYLNDDcul4YAAggggAACCMQtQLAZdwtQPgIIIIAAAgggkGEBgs0MNy6XhgACCCCAAAIIxC1AsBl3C1A+AggggAACCCCQYQGCzQw3LpeGAAIIIIAAAgjELUCwGXcLUD4CCCCAAAIIIJBhAYLNDDcul4YAAggggAACCMQtQLAZdwtQPgIIIIAAAgggkGEBgs0MNy6XhgACCCCAAAIIxC1AsBl3C1A+AggggAACCCCQYQGCzQw3LpeGAAIIIIAAAgjELUCwGXcLUD4CCCCAAAIIIJBhAYLNDDcul4YAAggggAACCMQtQLAZdwtQPgIIIIAAAgggkGEBgs0MNy6XhgACCCCAAAIIxC1AsBl3C1A+AggggAACCCCQYQGCzQw3LpeGAAIIIIAAAgjELUCwGXcLUD4CCCCAAAIIIJBhAYLNDDcul4YAAggggAACCMQtQLAZdwtQPgIIIIAAAgggkGEBgs0MNy6XhgACCCCAAAIIxC1AsBl3C1A+AggggAACCCCQYQGCzQw3LpeGAAIIIIAAAgjELUCwGXcLUD4CCCCAAAIIIJBhAYLNDDcul4YAAggggAACCMQtQLAZdwtQPgIIIIAAAgggkGEBgs0MNy6XhgACCCCAAAIIxC1AsBl3C1A+AggggAACCCCQYQGCzQw3LpeGAAIIIIAAAgjELUCwGXcLUD4CCCCAAAIIIJBhAYLNDDcul4YAAggggAACCMQtQLAZdwtQPgIIIIAAAgggkGEBgs0MNy6XhgACCCCAAAIIxC1AsBl3C1A+AggggAACCCCQYQGCzQw3LpeGAAIIIIAAAgjELUCwGXcLUD4CCCCAAAIIIJBhAYLNDDcul4YAAggggAACCMQt8H8J6QQAmUOgLgAAAABJRU5ErkJggg=='),
(14, 90000002, 'service2', 'Mike', 'Service(BMO)', 'test@email.com', '12324567', 'Technical Staff', 'Service Staff', 1, 'Activated', NULL),
(15, 90000003, 'service3', 'Tom', 'Service(CMO)', 'test@email.com', '12324567', 'Technical Staff', 'Service Staff', 2, 'Activated', NULL),
(16, 90000004, 'service4', 'Jerry', 'Service(CMO)', 'test@email.com', '12324567', 'Technical Staff', 'Service Staff', 2, 'Activated', NULL);

--
-- Indexes for dumped tables
--

--
-- Indexes for table `tbdepartments`
--
ALTER TABLE `tbdepartments`
  ADD PRIMARY KEY (`dept_id`);

--
-- Indexes for table `tbitems`
--
ALTER TABLE `tbitems`
  ADD PRIMARY KEY (`item_id`),
  ADD KEY `dept_id for item` (`dept_id`);

--
-- Indexes for table `tbjobrequests`
--
ALTER TABLE `tbjobrequests`
  ADD PRIMARY KEY (`job_id`),
  ADD UNIQUE KEY `job_id` (`job_id`),
  ADD UNIQUE KEY `job_id_2` (`job_id`);

--
-- Indexes for table `tbnotifs`
--
ALTER TABLE `tbnotifs`
  ADD PRIMARY KEY (`notif_id`);

--
-- Indexes for table `tbrequests`
--
ALTER TABLE `tbrequests`
  ADD PRIMARY KEY (`rq_id`),
  ADD KEY `dept_id for request` (`dept_id`),
  ADD KEY `create_user_id for request` (`rq_create_user_id`),
  ADD KEY `accept_user_id for request` (`rq_accept_user_id`);

--
-- Indexes for table `tbrooms`
--
ALTER TABLE `tbrooms`
  ADD PRIMARY KEY (`room_id`),
  ADD KEY `dept_id for room` (`dept_id`);

--
-- Indexes for table `tbschedules`
--
ALTER TABLE `tbschedules`
  ADD PRIMARY KEY (`sched_id`);

--
-- Indexes for table `tbuseraccounts`
--
ALTER TABLE `tbuseraccounts`
  ADD PRIMARY KEY (`user_id`),
  ADD KEY `dept_id for user` (`dept_id`);

--
-- AUTO_INCREMENT for dumped tables
--

--
-- AUTO_INCREMENT for table `tbdepartments`
--
ALTER TABLE `tbdepartments`
  MODIFY `dept_id` int(12) NOT NULL AUTO_INCREMENT, AUTO_INCREMENT=12;

--
-- AUTO_INCREMENT for table `tbitems`
--
ALTER TABLE `tbitems`
  MODIFY `item_id` int(12) NOT NULL AUTO_INCREMENT, AUTO_INCREMENT=15;

--
-- AUTO_INCREMENT for table `tbjobrequests`
--
ALTER TABLE `tbjobrequests`
  MODIFY `job_id` int(12) NOT NULL AUTO_INCREMENT, AUTO_INCREMENT=8;

--
-- AUTO_INCREMENT for table `tbnotifs`
--
ALTER TABLE `tbnotifs`
  MODIFY `notif_id` int(12) NOT NULL AUTO_INCREMENT, AUTO_INCREMENT=2;

--
-- AUTO_INCREMENT for table `tbrequests`
--
ALTER TABLE `tbrequests`
  MODIFY `rq_id` int(12) NOT NULL AUTO_INCREMENT, AUTO_INCREMENT=3;

--
-- AUTO_INCREMENT for table `tbrooms`
--
ALTER TABLE `tbrooms`
  MODIFY `room_id` int(12) NOT NULL AUTO_INCREMENT, AUTO_INCREMENT=9;

--
-- AUTO_INCREMENT for table `tbschedules`
--
ALTER TABLE `tbschedules`
  MODIFY `sched_id` int(12) NOT NULL AUTO_INCREMENT, AUTO_INCREMENT=11;

--
-- AUTO_INCREMENT for table `tbuseraccounts`
--
ALTER TABLE `tbuseraccounts`
  MODIFY `user_id` int(12) NOT NULL AUTO_INCREMENT, AUTO_INCREMENT=17;

--
-- Constraints for dumped tables
--

--
-- Constraints for table `tbitems`
--
ALTER TABLE `tbitems`
  ADD CONSTRAINT `dept_id for item` FOREIGN KEY (`dept_id`) REFERENCES `tbdepartments` (`dept_id`) ON UPDATE CASCADE;

--
-- Constraints for table `tbrequests`
--
ALTER TABLE `tbrequests`
  ADD CONSTRAINT `create_user_id for request` FOREIGN KEY (`rq_create_user_id`) REFERENCES `tbuseraccounts` (`user_id`) ON UPDATE CASCADE,
  ADD CONSTRAINT `dept_id for request` FOREIGN KEY (`dept_id`) REFERENCES `tbdepartments` (`dept_id`) ON UPDATE CASCADE;

--
-- Constraints for table `tbrooms`
--
ALTER TABLE `tbrooms`
  ADD CONSTRAINT `dept_id for room` FOREIGN KEY (`dept_id`) REFERENCES `tbdepartments` (`dept_id`) ON UPDATE CASCADE;

--
-- Constraints for table `tbuseraccounts`
--
ALTER TABLE `tbuseraccounts`
  ADD CONSTRAINT `dept_id for user` FOREIGN KEY (`dept_id`) REFERENCES `tbdepartments` (`dept_id`) ON UPDATE CASCADE;
COMMIT;

/*!40101 SET CHARACTER_SET_CLIENT=@OLD_CHARACTER_SET_CLIENT */;
/*!40101 SET CHARACTER_SET_RESULTS=@OLD_CHARACTER_SET_RESULTS */;
/*!40101 SET COLLATION_CONNECTION=@OLD_COLLATION_CONNECTION */;
